0,1,2,3,4,5,6,7,8,9,10,11,12,13,14,15,16,17,18,19,20,21,22,23,24,25,26,27,28,29,30,31,32,33,34,35,36,37,38,39,40,41,42,43,44,45,46,47,48,49,50,51,52,53,54,55,56,57,58,59,60,61,62,63,64,65,66,67,68,69,70,71,72,73,74,75,76,77,78,79,80,81,82,83,84,85,86,87,88,89,90,91,92,93,94,95,96,97,98,99
63.09962,52.914486,36.51772,39.25737,44.99174,83.26112,33.636105,35.724976,39.36497,47.403275,58.30722,62.230648,54.670235,68.921646,68.73206,12.212102,54.271233,81.6822,69.8229,40.95246,55.09801,51.12006,-1.0,-1.0,-1.0,-1.0,-1.0,-1.0,-1.0,-1.0,-1.0,-1.0,-1.0,-1.0,-1.0,-1.0,-1.0,-1.0,-1.0,-1.0,-1.0,-1.0,-1.0,-1.0,-1.0,-1.0,38.1997,42.608932,61.861633,83.79105,63.69266,52.883636,50.874126,46.319874,64.184616,70.68954,50.8292,59.183216,45.63242,28.684986,53.87156,78.409996,49.970825,37.097458,70.93182,25.343626,37.785465,38.684383,53.516388,66.15187,74.94332,62.6617,29.159277,48.47549,38.182068,45.61837,26.232426,44.153072,73.365875,53.187565,61.17147,76.84122,46.424618,44.34322,54.355045,80.65934,51.16254,48.23358,56.442535,31.209118,54.494442,54.847473,73.337616,68.88823,45.328106,78.484116,31.492695,36.40806,52.071873,44.484264
64.76819,49.354637,34.87498,44.340794,47.56731,82.804565,33.671604,35.9571,39.564537,47.37008,58.30722,62.230648,54.670235,68.921646,68.73206,12.212102,54.271233,81.6822,69.8229,40.95246,55.09801,51.12006,-1.0,-1.0,-1.0,-1.0,-1.0,-1.0,-1.0,-1.0,-1.0,-1.0,-1.0,-1.0,-1.0,-1.0,-1.0,-1.0,-1.0,-1.0,-1.0,-1.0,-1.0,-1.0,-1.0,-1.0,38.1997,42.608932,61.861633,83.79105,63.69266,52.883636,50.874126,46.319874,64.184616,70.68954,50.8292,59.183216,45.859104,28.684986,53.42111,78.409996,49.623844,37.097458,70.70131,24.894138,37.744564,38.855976,53.758224,66.10913,74.819084,62.479843,29.34069,47.511738,38.11443,45.555763,26.432476,44.351757,72.86276,53.035324,61.289062,64.03415,46.424618,44.34322,54.355045,80.65934,51.16254,48.23358,56.442535,31.209118,54.494442,54.847473,73.337616,68.88823,45.328106,78.72783,31.492695,36.40806,37.701645,44.80206
68.76662,43.011456,35.777374,45.631386,53.990314,82.34801,33.707104,36.189224,39.7641,47.336887,58.30722,62.230648,54.670235,68.921646,68.73206,12.212102,54.271233,81.6822,69.8229,40.95246,55.09801,51.12006,-1.0,-1.0,-1.0,-1.0,-1.0,-1.0,-1.0,-1.0,-1.0,-1.0,-1.0,-1.0,-1.0,-1.0,-1.0,-1.0,-1.0,-1.0,-1.0,-1.0,-1.0,-1.0,-1.0,-1.0,38.1997,42.608932,61.861633,83.79105,63.69266,52.883636,50.874126,46.319874,64.184616,70.68954,50.8292,59.183216,45.63242,28.778658,53.87156,78.409996,49.623844,37.097458,70.470795,26.080425,37.703667,39.02757,54.000065,66.17851,74.694855,62.297985,29.522104,48.83416,38.046795,45.49316,26.632524,44.550446,72.35965,51.60901,61.406654,63.818996,46.424618,44.34322,54.355045,80.65934,51.16254,48.23358,56.442535,31.209118,54.494442,54.847473,73.337616,68.88823,45.328106,78.72291,31.492695,36.40806,37.35606,51.013958
73.04434,43.392338,36.01032,45.697598,53.71702,86.06411,33.742603,36.42135,39.963665,47.303696,58.30722,62.230648,54.670235,68.921646,68.73206,12.212102,54.271233,81.6822,69.8229,40.95246,55.09801,51.12006,-1.0,-1.0,-1.0,-1.0,-1.0,-1.0,-1.0,-1.0,-1.0,-1.0,-1.0,-1.0,-1.0,-1.0,-1.0,-1.0,-1.0,-1.0,-1.0,-1.0,-1.0,-1.0,-1.0,-1.0,38.1997,42.608932,61.861633,83.79105,63.69266,52.485683,50.874126,46.319874,64.184616,70.68954,50.8292,59.183216,45.63242,28.684986,53.87156,78.409996,49.623844,37.097458,70.24028,25.698002,37.66277,39.19916,54.2419,66.149864,74.57062,62.116127,29.703518,49.013493,37.97916,45.430557,26.832575,44.74913,71.85654,52.730843,61.524246,63.60384,46.424618,44.34322,54.355045,80.65934,51.16254,48.23358,56.442535,31.209118,54.494442,54.847473,73.337616,68.88823,45.328106,78.72291,31.492695,36.40806,37.010475,46.660294
68.247025,43.77322,36.243263,45.763813,53.443726,81.43488,33.7781,36.653477,40.163227,47.2705,58.30722,62.230648,54.670235,68.921646,68.73206,12.212102,54.271233,81.6822,69.8229,40.95246,55.09801,51.12006,-1.0,-1.0,-1.0,-1.0,-1.0,-1.0,-1.0,-1.0,-1.0,-1.0,-1.0,-1.0,-1.0,-1.0,-1.0,-1.0,-1.0,-1.0,-1.0,-1.0,-1.0,-1.0,-1.0,-1.0,38.1997,42.608932,61.861633,83.79105,63.69266,52.883636,50.874126,46.319874,64.184616,70.54298,50.8292,59.183216,45.63242,28.684986,53.87156,79.13211,49.623844,37.097458,70.009766,25.816128,37.62187,39.370754,54.48374,65.98092,74.44638,62.17996,29.884932,49.19283,37.911522,44.850895,25.245977,44.947815,71.35342,52.5786,61.641838,63.388683,46.424618,44.34322,54.355045,80.65934,51.16254,48.23358,56.442535,31.209118,54.494442,54.847473,73.337616,68.88823,45.328106,78.72291,31.180508,36.40806,36.66489,33.512074
63.44971,44.1541,36.476208,45.830025,53.170433,80.978325,33.8136,36.8856,40.362793,47.23731,58.30722,62.230648,54.670235,68.921646,68.73206,12.212102,54.271233,81.6822,69.8229,40.95246,55.09801,51.12006,-1.0,-1.0,-1.0,-1.0,-1.0,-1.0,-1.0,-1.0,-1.0,-1.0,-1.0,-1.0,-1.0,-1.0,-1.0,-1.0,-1.0,-1.0,-1.0,-1.0,-1.0,-1.0,-1.0,-1.0,38.1997,42.608932,61.861633,83.79105,63.69266,52.883636,50.874126,46.319874,63.67378,70.68954,50.8292,59.183216,45.63242,28.684986,53.87156,78.409996,49.623844,37.097458,69.77924,26.855898,37.5953,39.542347,54.72558,65.93818,74.32214,61.75241,30.066345,49.37216,37.843887,45.305347,27.232674,45.146503,70.8503,52.42636,61.281136,63.17353,46.424618,44.34322,54.355045,80.65934,51.16254,48.23358,56.442535,31.209118,54.494442,54.847473,73.337616,68.88823,45.328106,78.72291,31.492695,36.40806,36.319305,30.771185
58.652393,44.53498,36.709156,45.896236,52.89714,80.52176,33.8491,37.117725,40.562355,47.204117,58.30722,62.230648,54.670235,68.921646,68.73206,12.212102,54.271233,81.6822,69.8229,40.95246,55.09801,51.12006,-1.0,-1.0,-1.0,-1.0,-1.0,-1.0,-1.0,-1.0,-1.0,-1.0,-1.0,-1.0,-1.0,-1.0,-1.0,-1.0,-1.0,-1.0,-1.0,-1.0,-1.0,-1.0,-1.0,-1.0,38.1997,42.608932,61.861633,83.79105,63.69266,52.883636,50.874126,46.319874,64.184616,70.68954,50.8292,59.183216,45.63242,28.684986,53.87156,78.409996,49.623844,37.097458,69.54873,26.052378,37.540073,39.71394,54.96742,65.89544,74.19791,61.570553,30.247759,49.5515,37.776253,45.24274,27.432724,45.34519,70.34719,52.27412,61.87702,62.958374,46.424618,44.34322,54.355045,80.65934,51.16254,48.23358,56.442535,31.209118,54.494442,54.847473,73.337616,68.88823,45.328106,78.72291,31.492695,36.40806,35.97372,34.31143
53.855076,44.742664,36.9421,45.96245,52.623844,80.0652,33.884598,37.34985,40.76192,47.170925,58.30722,62.230648,54.670235,68.921646,68.73206,12.212102,54.271233,81.6822,69.8229,40.95246,55.09801,51.12006,-1.0,-1.0,-1.0,-1.0,-1.0,-1.0,-1.0,-1.0,-1.0,-1.0,-1.0,-1.0,-1.0,-1.0,-1.0,-1.0,-1.0,-1.0,-1.0,-1.0,-1.0,-1.0,-1.0,-1.0,38.1997,42.608932,61.861633,83.79105,63.69266,52.883636,50.419563,46.319874,64.184616,70.68954,50.8292,59.183216,45.63242,28.684986,53.87156,78.409996,49.623844,37.097458,69.318214,25.687984,37.499172,38.6535,55.209255,65.8527,74.07367,62.921383,30.42917,48.939636,37.70862,45.180138,27.632772,45.543877,69.84408,52.12188,61.994614,62.74322,46.424618,44.34322,54.355045,80.65934,51.16254,48.23358,56.442535,31.209118,54.494442,54.847473,73.337616,68.88823,45.328106,78.72291,31.670666,36.40806,35.62814,38.12632
49.05776,45.29674,37.175045,46.02866,52.35055,81.983864,33.920094,37.05078,42.698246,47.13773,58.30722,62.230648,54.670235,68.921646,68.73206,12.212102,54.271233,81.6822,69.8229,40.95246,55.09801,51.12006,-1.0,-1.0,-1.0,-1.0,-1.0,-1.0,-1.0,-1.0,-1.0,-1.0,-1.0,-1.0,-1.0,-1.0,-1.0,-1.0,-1.0,-1.0,-1.0,-1.0,-1.0,-1.0,-1.0,-1.0,38.1997,42.608932,61.861633,83.79105,63.69266,52.883636,50.874126,46.319874,64.184616,70.68954,51.029716,59.183216,45.63242,28.684986,53.87156,78.409996,49.623844,37.097458,69.0877,26.28863,37.458275,40.057125,55.451096,65.80997,73.94943,61.206837,30.610584,49.75234,37.64098,45.117535,27.832823,45.74256,69.340965,51.96964,62.112206,64.35355,46.424618,44.34322,54.355045,80.65934,51.16254,48.23358,56.442535,31.209118,54.494442,54.847473,73.337616,68.88823,45.328106,78.72291,31.492695,36.40806,35.282555,41.859703
44.26044,45.67762,37.40799,46.200138,52.07726,79.152084,34.261944,37.8141,41.16105,47.104538,58.30722,62.230648,54.670235,68.921646,68.73206,12.212102,54.271233,81.6822,69.8229,40.95246,55.09801,51.12006,-1.0,-1.0,-1.0,-1.0,-1.0,-1.0,-1.0,-1.0,-1.0,-1.0,-1.0,-1.0,-1.0,-1.0,-1.0,-1.0,-1.0,-1.0,-1.0,-1.0,-1.0,-1.0,-1.0,-1.0,38.1997,42.608932,61.861633,83.79105,63.69266,52.883636,50.874126,46.319874,64.184616,70.68954,50.8292,59.183216,45.63242,28.740938,53.87156,78.409996,49.623844,37.097458,68.857185,26.406754,37.417377,40.228718,55.692932,65.76723,73.8252,61.024975,30.791998,50.0895,37.573345,45.054928,28.032871,45.94125,66.987755,51.817398,62.229797,62.31291,46.424618,44.34322,54.355045,80.65934,51.16254,48.23358,56.442535,31.209118,54.494442,54.847473,73.337616,68.88823,45.328106,78.72291,31.492695,36.40806,34.93697,43.046818
39.463123,46.058502,37.640934,46.161087,51.803967,78.69552,33.991093,38.046223,41.36061,47.071346,58.30722,62.230648,54.670235,68.921646,68.73206,12.212102,54.271233,81.6822,69.8229,40.95246,55.09801,51.12006,-1.0,-1.0,-1.0,-1.0,-1.0,-1.0,-1.0,-1.0,-1.0,-1.0,-1.0,-1.0,-1.0,-1.0,-1.0,-1.0,-1.0,-1.0,-1.0,-1.0,-1.0,-1.0,-1.0,-1.0,38.1997,42.608932,61.861633,83.79105,63.69266,52.883636,50.874126,46.625736,64.184616,70.64119,50.8292,59.183216,45.63242,28.512966,53.87156,78.409996,49.623844,37.097458,68.62666,26.52488,37.183125,40.40031,55.93477,65.72449,73.700966,60.843117,30.973412,50.268833,37.50571,44.992325,26.406881,46.139935,68.33473,51.665157,62.34739,62.097755,46.424618,44.34322,54.355045,80.65934,51.16254,48.23358,56.442535,31.209118,54.494442,54.847473,73.337616,68.88823,45.328106,78.72291,31.492695,36.40806,34.591385,47.265312
34.665806,46.85085,37.87388,46.2273,51.53067,78.23896,34.026592,38.278347,41.560177,47.038155,58.30722,62.230648,54.670235,68.921646,68.73206,12.212102,54.271233,81.6822,69.8229,40.95246,55.09801,51.12006,-1.0,-1.0,-1.0,-1.0,-1.0,-1.0,-1.0,-1.0,-1.0,-1.0,-1.0,-1.0,-1.0,-1.0,-1.0,-1.0,-1.0,-1.0,-1.0,-1.0,-1.0,-1.0,-1.0,-1.0,38.1997,42.608932,61.861633,83.79105,63.69266,52.883636,50.874126,46.319874,64.184616,70.68954,50.86313,59.183216,45.63242,28.684986,53.87156,78.409996,49.623844,37.097458,68.39615,26.643005,37.33558,40.571903,56.17661,65.68175,73.57673,60.66126,31.154825,49.058704,37.438076,44.929718,28.432972,46.33862,67.83162,51.512917,62.46498,61.8826,46.424618,44.34322,54.355045,80.65934,51.16254,48.23358,56.442535,31.209118,54.494442,54.847473,73.337616,68.88823,45.328106,78.72291,31.492695,36.40806,34.2458,47.97472
29.868488,46.820263,38.106823,46.29351,51.257378,77.7824,34.06209,38.510475,41.75974,47.00496,58.30722,62.230648,54.670235,68.921646,68.73206,12.212102,54.271233,81.6822,69.8229,40.95246,55.09801,51.12006,-1.0,-1.0,-1.0,-1.0,-1.0,-1.0,-1.0,-1.0,-1.0,-1.0,-1.0,-1.0,-1.0,-1.0,-1.0,-1.0,-1.0,-1.0,-1.0,-1.0,-1.0,-1.0,-1.0,-1.0,38.1997,42.608932,61.861633,83.79105,63.69266,52.883636,50.874126,46.319874,64.184616,70.68954,50.8292,59.183216,45.63242,28.826239,53.87156,78.409996,49.623844,37.097458,68.165634,26.761131,37.29468,40.743496,56.418446,65.639015,73.45249,60.4794,31.336239,50.627502,37.370438,44.867115,28.63302,46.537308,67.32851,51.244247,62.582573,61.667446,46.424618,44.34322,54.355045,80.65934,51.16254,48.23358,56.442535,31.209118,54.494442,54.847473,73.337616,68.88823,45.328106,78.72291,31.492695,36.40806,33.900215,48.684128
25.07117,47.201145,38.339767,46.359726,50.984085,77.325836,34.097588,38.7426,41.959305,46.971767,58.30722,62.230648,54.670235,68.921646,68.73206,12.212102,54.271233,81.6822,69.8229,40.95246,55.09801,51.12006,-1.0,-1.0,-1.0,-1.0,-1.0,-1.0,-1.0,-1.0,-1.0,-1.0,-1.0,-1.0,-1.0,-1.0,-1.0,-1.0,-1.0,-1.0,-1.0,-1.0,-1.0,-1.0,-1.0,-1.0,38.1997,42.608932,61.861633,83.79105,63.69266,52.883636,50.874126,46.319874,63.69955,70.68954,50.8292,59.183216,45.63242,28.684986,53.87156,78.409996,49.623844,37.097458,67.93512,26.879255,37.25378,40.91509,56.660286,65.596275,73.328255,60.297543,31.517653,50.80684,37.302803,44.804512,28.83307,46.735992,63.273827,51.208435,62.700165,62.708252,46.424618,44.34322,54.355045,80.65934,51.16254,48.23358,56.442535,31.209118,54.494442,54.847473,73.337616,68.88823,45.328106,78.72291,31.492695,36.40806,33.55463,49.393536
20.273853,47.582024,38.572712,46.425938,50.710793,76.86928,34.133087,38.974724,42.158867,46.938576,58.30722,62.230648,54.670235,68.921646,68.73206,12.212102,54.271233,81.6822,69.8229,40.95246,55.09801,51.12006,-1.0,-1.0,-1.0,-1.0,-1.0,-1.0,-1.0,-1.0,-1.0,-1.0,-1.0,-1.0,-1.0,-1.0,-1.0,-1.0,-1.0,-1.0,-1.0,-1.0,-1.0,-1.0,-1.0,-1.0,38.1997,42.608932,61.861633,83.79105,64.18139,52.883636,50.874126,46.319874,64.184616,70.68954,50.8292,59.183216,45.63242,28.684986,54.32406,78.409996,49.623844,37.097458,67.704605,26.997381,37.212883,39.741188,56.902122,65.553535,73.20402,60.115685,29.918966,50.98617,37.23517,44.741905,29.033121,46.93468,66.32228,51.05619,62.629208,61.237133,46.424618,44.34322,54.355045,80.65934,51.16254,48.23358,56.442535,31.209118,54.494442,54.847473,73.337616,68.88823,45.328106,78.72291,31.492695,36.40806,33.593292,50.102943
28.869875,49.77334,38.805656,46.49215,50.437496,76.41272,34.168587,39.20685,42.358433,46.905384,58.30722,62.230648,54.670235,68.921646,68.73206,12.212102,54.271233,81.6822,69.8229,40.95246,55.09801,51.12006,-1.0,-1.0,-1.0,-1.0,-1.0,-1.0,-1.0,-1.0,-1.0,-1.0,-1.0,-1.0,-1.0,-1.0,-1.0,-1.0,-1.0,-1.0,-1.0,-1.0,-1.0,-1.0,-1.0,-1.0,38.1997,42.608932,61.861633,83.79105,63.69266,52.883636,50.874126,46.319874,64.184616,70.68954,50.8292,59.183216,45.72432,28.684986,53.87156,78.409996,49.623844,36.797714,67.47408,27.115507,37.171986,41.258274,57.143963,65.510796,73.07978,59.933826,31.880478,51.16551,37.16753,44.679302,29.23317,47.133366,65.81916,50.90395,62.095432,61.02198,46.424618,44.34322,54.355045,80.65934,51.16254,48.23358,56.442535,31.209118,54.494442,54.847473,73.337616,68.88823,45.328106,78.72291,31.492695,36.40806,32.86346,50.81235
48.02552,50.318886,39.0386,46.55836,50.164204,75.95616,34.204086,39.438972,42.557995,46.87219,58.30722,62.230648,54.670235,68.921646,68.73206,12.212102,54.271233,81.6822,69.8229,40.95246,55.09801,51.12006,-1.0,-1.0,-1.0,-1.0,-1.0,-1.0,-1.0,-1.0,-1.0,-1.0,-1.0,-1.0,-1.0,-1.0,-1.0,-1.0,-1.0,-1.0,-1.0,-1.0,-1.0,-1.0,-1.0,-1.0,38.1997,42.608932,61.861633,83.79105,63.69266,52.883636,50.874126,46.319874,64.184616,70.68954,50.8292,59.183216,45.63242,28.684986,53.87156,78.409996,49.623844,37.097458,67.24357,27.233633,37.131084,41.429867,57.3858,65.46806,72.95554,59.75197,32.061893,51.34484,37.099895,44.616695,29.43322,47.332054,65.31605,50.85072,63.05294,60.806824,46.424618,44.34322,54.355045,80.65934,51.16254,48.23358,56.442535,31.209118,54.494442,54.847473,73.337616,68.88823,45.328106,78.72291,31.735502,36.40806,32.51788,51.52176
54.78678,62.885586,39.271545,46.624573,49.89091,75.499596,34.239582,39.671097,44.30051,46.803665,58.30722,62.230648,54.670235,68.921646,68.73206,12.212102,54.271233,81.6822,69.8229,40.95246,55.09801,51.12006,-1.0,-1.0,-1.0,-1.0,-1.0,-1.0,-1.0,-1.0,-1.0,-1.0,-1.0,-1.0,-1.0,-1.0,-1.0,-1.0,-1.0,-1.0,-1.0,-1.0,-1.0,-1.0,-1.0,-1.0,38.1997,42.608932,61.861633,83.79105,63.69266,52.883636,50.874126,46.319874,64.184616,70.68954,50.8292,59.183216,45.63242,28.684986,53.87156,78.54575,49.623844,37.097458,67.013054,27.351757,37.090187,41.60146,57.62764,65.3725,72.831314,59.57011,32.832825,51.524178,37.03226,44.554092,29.633268,47.53074,64.812935,50.59947,63.170532,60.591667,46.424618,44.34322,54.355045,80.65934,51.16254,48.23358,56.442535,31.209118,54.494442,54.847473,73.337616,68.88823,45.328106,78.72291,31.492695,36.40806,32.172295,52.231167
47.208603,74.035675,39.50449,46.69079,49.617615,75.04304,34.27508,39.90322,42.957123,46.805805,58.30722,62.230648,54.670235,68.921646,68.73206,12.212102,54.271233,81.6822,69.8229,40.95246,55.09801,51.12006,-1.0,-1.0,-1.0,-1.0,-1.0,-1.0,-1.0,-1.0,-1.0,-1.0,-1.0,-1.0,-1.0,-1.0,-1.0,-1.0,-1.0,-1.0,-1.0,-1.0,-1.0,-1.0,-1.0,-1.0,38.1997,42.608932,61.861633,83.79105,63.69266,52.883636,50.874126,46.319874,64.184616,70.68954,50.8292,59.183216,45.376816,28.684986,53.87156,78.409996,49.623844,37.097458,68.17907,27.469883,37.04929,41.773052,57.869476,65.38258,72.70708,59.388252,32.424717,51.70351,36.964626,44.49149,29.833319,47.729424,64.30982,50.447227,63.288124,60.376514,46.424618,44.34322,54.355045,80.65934,51.16254,48.23358,56.442535,31.209118,54.494442,54.847473,73.337616,68.88823,45.328106,78.72291,31.320387,36.40806,31.8396,52.940575
36.243084,73.446236,39.737434,46.757,47.43504,74.58648,34.31058,40.13535,43.15669,46.772614,58.30722,62.230648,54.670235,68.921646,68.73206,12.212102,54.271233,81.6822,69.8229,40.95246,55.09801,51.12006,-1.0,-1.0,-1.0,-1.0,-1.0,-1.0,-1.0,-1.0,-1.0,-1.0,-1.0,-1.0,-1.0,-1.0,-1.0,-1.0,-1.0,-1.0,-1.0,-1.0,-1.0,-1.0,-1.0,-1.0,38.1997,42.608932,61.861633,83.79105,63.69266,52.883636,50.874126,46.319874,64.184616,70.68954,50.8292,59.183216,45.63242,28.684986,53.87156,78.65923,49.623844,37.097458,66.552025,27.588009,37.00839,43.60569,58.111317,65.33985,72.58284,59.206394,32.606133,52.55174,36.896988,44.428883,30.03337,47.928112,63.806705,50.294987,63.405716,60.161358,46.424618,44.34322,54.355045,80.65934,51.16254,48.23358,56.442535,31.209118,54.494442,54.847473,73.337616,68.88823,45.328106,78.72291,31.492695,36.40806,31.481125,53.649982
37.32726,70.127,39.970383,46.82321,49.07103,74.12991,34.34608,40.525074,43.35625,46.739418,58.30722,62.230648,54.670235,68.921646,68.73206,12.212102,54.271233,81.6822,69.8229,40.95246,55.09801,51.12006,-1.0,-1.0,-1.0,-1.0,-1.0,-1.0,-1.0,-1.0,-1.0,-1.0,-1.0,-1.0,-1.0,-1.0,-1.0,-1.0,-1.0,-1.0,-1.0,-1.0,-1.0,-1.0,-1.0,-1.0,38.1997,42.608932,61.861633,83.79105,63.69266,52.883636,50.939877,46.319874,64.184616,70.35787,50.8292,59.183216,45.63242,28.684986,53.87156,78.409996,49.623844,37.097458,66.3215,27.706135,36.96749,42.116238,58.353153,65.31536,72.4586,59.024536,31.419336,52.439537,36.829353,44.36628,30.233418,47.957344,63.303593,50.142746,63.523308,59.946205,46.424618,44.34322,54.355045,80.65934,51.16254,48.23358,56.442535,31.209118,54.494442,54.847473,73.337616,68.88823,45.328106,78.72291,31.492695,36.75216,31.13554,53.903206
52.47565,70.36735,40.203327,46.889423,48.797737,73.673355,34.042355,41.16831,43.555817,46.706226,58.30722,62.230648,54.670235,68.921646,68.73206,12.212102,54.271233,81.6822,69.8229,40.95246,55.09801,51.12006,-1.0,-1.0,-1.0,-1.0,-1.0,-1.0,-1.0,-1.0,-1.0,-1.0,-1.0,-1.0,-1.0,-1.0,-1.0,-1.0,-1.0,-1.0,-1.0,-1.0,-1.0,-1.0,-1.0,-1.0,38.1997,42.608932,61.861633,83.79105,63.69266,52.883636,50.874126,46.319874,64.184616,70.68954,50.8292,59.183216,45.63242,28.684986,53.87156,78.409996,49.623844,36.927086,66.09099,27.824259,36.827103,42.28783,58.594994,65.25437,72.334366,58.842678,32.96896,52.241516,36.76172,44.303677,30.433468,48.325485,62.800476,50.345486,63.6409,59.73105,46.424618,44.34322,54.355045,80.65934,51.16254,48.23358,56.442535,31.209118,54.494442,54.847473,73.337616,68.88823,45.328106,78.72291,31.492695,36.40806,30.789955,55.068798
66.40435,59.321304,40.43627,46.955635,48.52444,73.2168,34.417076,40.831722,43.75538,46.673035,58.30722,62.230648,54.670235,68.921646,68.73206,12.212102,54.271233,81.6822,69.8229,40.95246,55.09801,51.12006,-1.0,-1.0,-1.0,-1.0,-1.0,-1.0,-1.0,-1.0,-1.0,-1.0,-1.0,-1.0,-1.0,-1.0,-1.0,-1.0,-1.0,-1.0,-1.0,-1.0,-1.0,-1.0,-1.0,-1.0,38.1997,42.608932,61.861633,83.79105,63.69266,52.883636,50.874126,46.319874,64.184616,70.68954,50.8292,59.183216,45.63242,28.684986,53.87156,78.409996,49.623844,37.097458,67.16369,27.942385,36.885693,42.459423,58.83683,65.53189,72.21013,58.66082,33.15037,52.42085,36.694084,44.24107,30.633516,48.52417,62.297363,49.838264,63.75849,59.515892,46.424618,44.34322,54.355045,80.65934,51.16254,48.23358,56.442535,31.209118,54.494442,54.847473,73.337616,68.88823,45.328106,78.72291,31.492695,36.40806,35.146175,55.304623
72.13498,37.84049,40.669216,47.02185,48.25115,72.76024,34.452576,41.063847,43.954945,46.63984,58.30722,62.230648,54.670235,68.921646,68.73206,12.212102,54.271233,81.6822,69.8229,40.95246,55.09801,51.12006,-1.0,-1.0,-1.0,-1.0,-1.0,-1.0,-1.0,-1.0,-1.0,-1.0,-1.0,-1.0,-1.0,-1.0,-1.0,-1.0,-1.0,-1.0,-1.0,-1.0,-1.0,-1.0,-1.0,-1.0,38.1997,42.608932,61.861633,83.79105,63.654675,52.883636,50.874126,46.319874,64.184616,70.68954,50.8292,59.183216,45.63242,28.684986,53.87156,78.409996,49.623844,37.097458,65.62996,28.06051,36.844795,42.631016,59.078667,65.1689,72.08589,58.478962,33.331787,52.600185,36.626446,44.178467,30.833567,48.72286,63.280476,49.686024,63.876083,59.30074,46.424618,44.34322,54.355045,80.65934,51.16254,48.23358,56.442535,31.209118,54.494442,54.847473,73.337616,68.88823,45.328106,78.72291,31.492695,36.40806,39.733456,55.437466
67.325935,24.017239,40.90216,47.088062,47.977856,72.30367,34.488075,42.349022,44.154507,46.606647,58.30722,62.230648,54.670235,68.921646,68.73206,12.212102,54.271233,81.6822,69.8229,40.95246,55.09801,51.12006,-1.0,-1.0,-1.0,-1.0,-1.0,-1.0,-1.0,-1.0,-1.0,-1.0,-1.0,-1.0,-1.0,-1.0,-1.0,-1.0,-1.0,-1.0,-1.0,-1.0,-1.0,-1.0,-1.0,-1.0,38.1997,42.608932,61.861633,83.79105,63.69266,52.883636,50.874126,46.319874,64.184616,70.68954,50.8292,59.441498,45.63242,28.684986,53.87156,78.409996,49.623844,37.097458,65.399445,28.178637,36.803898,42.80261,59.320507,65.12616,71.96166,58.297104,33.5132,52.77952,36.55881,44.11586,31.033617,48.921543,61.291134,49.533783,63.993675,59.085583,46.424618,44.34322,54.355045,80.65934,51.16254,48.23358,56.442535,31.209118,54.494442,54.847473,73.337616,68.88823,45.328106,78.72291,31.492695,36.40806,43.734592,56.448944
58.54849,22.774076,53.65717,47.154274,47.704563,70.12823,34.523575,41.528095,44.354073,46.573456,58.30722,62.230648,54.670235,68.921646,68.73206,12.212102,54.271233,81.6822,69.8229,40.95246,55.09801,51.12006,-1.0,-1.0,-1.0,-1.0,-1.0,-1.0,-1.0,-1.0,-1.0,-1.0,-1.0,-1.0,-1.0,-1.0,-1.0,-1.0,-1.0,-1.0,-1.0,-1.0,-1.0,-1.0,-1.0,-1.0,38.1997,42.608932,61.861633,83.79105,63.69266,52.883636,50.874126,46.319874,64.184616,70.68954,50.8292,59.08714,45.63242,28.684986,53.87156,78.409996,49.623844,37.097458,65.16892,28.296762,36.762997,42.9742,59.562344,65.08342,71.837425,58.115246,33.694614,52.958855,36.491177,44.053257,31.233665,49.120228,60.78802,50.83198,64.11127,58.87043,46.424618,44.34322,54.355045,80.65934,51.16254,48.23358,56.442535,31.209118,54.494442,54.847473,73.337616,68.88823,45.328106,78.72291,31.492695,36.40806,46.13909,58.833675
50.011215,26.851381,55.421703,47.220486,47.431267,71.39056,34.55907,43.041958,44.553635,46.540264,58.30722,62.230648,54.670235,68.921646,68.73206,12.212102,54.271233,81.6822,69.8229,40.95246,55.09801,51.12006,-1.0,-1.0,-1.0,-1.0,-1.0,-1.0,-1.0,-1.0,-1.0,-1.0,-1.0,-1.0,-1.0,-1.0,-1.0,-1.0,-1.0,-1.0,-1.0,-1.0,-1.0,-1.0,-1.0,-1.0,38.1997,42.608932,61.861633,83.79105,63.69266,52.87999,50.91688,46.319874,64.184616,70.68954,50.8292,59.183216,45.63242,28.684986,53.87156,78.409996,49.623844,37.097458,64.93841,28.414886,36.7221,41.57607,59.804184,65.04068,71.71319,57.933388,33.876026,53.138187,36.42354,43.990654,31.433716,49.318916,60.284904,49.2293,64.22886,58.655273,46.424618,44.34322,54.355045,80.65934,51.16254,48.23358,56.442535,31.209118,54.494442,54.847473,73.337616,68.88823,45.328106,78.72291,31.492695,36.40806,46.03121,56.82963
43.656765,31.336115,52.875076,47.2867,47.157974,70.93399,34.822952,41.992348,44.7532,46.50707,58.30722,62.230648,54.670235,68.921646,68.73206,12.212102,54.271233,81.6822,69.8229,40.95246,55.09801,51.12006,-1.0,-1.0,-1.0,-1.0,-1.0,-1.0,-1.0,-1.0,-1.0,-1.0,-1.0,-1.0,-1.0,-1.0,-1.0,-1.0,-1.0,-1.0,-1.0,-1.0,-1.0,-1.0,-1.0,-1.0,38.1997,42.608932,61.861633,83.79105,63.69266,52.883636,50.874126,46.319874,63.98296,70.68954,50.8292,59.183216,45.63242,28.684986,53.87156,78.409996,49.623844,37.35019,64.70789,28.533012,36.681202,43.317387,60.04602,64.99795,71.58895,57.75153,34.057438,53.317524,36.355904,43.928047,31.633766,49.5176,59.78179,49.07706,64.34645,58.440117,46.424618,44.34322,54.355045,80.65934,51.16254,48.23358,56.442535,31.209118,54.494442,54.847473,73.337616,68.88823,45.328106,78.72291,31.492695,36.40806,45.936214,54.825584
42.286945,34.535786,50.32845,47.352913,46.88468,70.47743,34.63007,42.224472,44.952763,46.473877,58.30722,62.230648,54.670235,68.921646,68.73206,12.212102,54.271233,81.6822,69.8229,40.95246,55.09801,51.12006,-1.0,-1.0,-1.0,-1.0,-1.0,-1.0,-1.0,-1.0,-1.0,-1.0,-1.0,-1.0,-1.0,-1.0,-1.0,-1.0,-1.0,-1.0,-1.0,-1.0,-1.0,-1.0,-1.0,-1.0,38.1997,42.608932,61.861633,83.79105,63.69266,52.883636,50.874126,46.52406,64.184616,70.68954,50.8292,59.183216,45.63242,28.684986,53.87156,78.409996,49.623844,37.097458,64.47738,28.651138,36.6403,43.48898,60.28786,64.94752,71.464714,57.56967,34.238853,53.496857,36.28827,43.865444,31.833815,49.71629,59.27868,48.92482,64.46404,58.224964,46.424618,44.34322,54.355045,80.65934,51.16254,48.23358,56.442535,31.209118,54.494442,54.847473,73.337616,68.88823,45.328106,78.72291,31.364977,36.40806,45.834774,52.821537
43.277027,37.735455,47.781822,47.419125,46.61139,70.020874,34.66557,42.456596,45.15233,46.440685,58.30722,62.230648,54.670235,68.921646,68.73206,12.212102,54.271233,81.6822,69.8229,40.95246,55.09801,51.12006,-1.0,-1.0,-1.0,-1.0,-1.0,-1.0,-1.0,-1.0,-1.0,-1.0,-1.0,-1.0,-1.0,-1.0,-1.0,-1.0,-1.0,-1.0,-1.0,-1.0,-1.0,-1.0,-1.0,-1.0,38.1997,42.608932,61.861633,83.79105,63.69266,52.883636,50.874126,46.319874,64.184616,70.68954,50.8292,59.183216,45.63242,28.684986,53.87156,78.409996,49.623844,37.097458,65.56796,28.769264,36.599403,43.660572,60.529697,64.91247,71.34048,57.387814,34.420265,53.676193,36.220634,43.802837,32.61038,49.914974,58.775562,48.77258,64.581635,58.009808,46.424618,44.34322,54.355045,80.65934,51.16254,48.23358,56.442535,31.209118,54.494442,54.847473,73.337616,68.88823,45.328106,78.72291,31.492695,36.40806,45.733334,50.817493
45.989162,40.935123,45.23519,47.485336,46.338093,69.564316,34.701065,42.68872,45.35189,46.407494,58.30722,62.230648,54.670235,68.921646,68.73206,12.212102,54.271233,81.6822,69.8229,40.95246,55.09801,51.12006,-1.0,-1.0,-1.0,-1.0,-1.0,-1.0,-1.0,-1.0,-1.0,-1.0,-1.0,-1.0,-1.0,-1.0,-1.0,-1.0,-1.0,-1.0,-1.0,-1.0,-1.0,-1.0,-1.0,-1.0,38.1997,42.608932,61.861633,83.79105,63.69266,52.883636,50.874126,46.319874,64.184616,70.68954,50.8292,59.183216,45.63242,28.684986,53.87156,78.098145,49.623844,36.750675,64.01634,28.887388,36.558506,43.832165,60.771538,64.86973,71.21624,58.68054,35.62349,53.855526,36.152996,43.740234,32.233913,50.113663,58.27245,48.62034,63.62452,57.794655,46.424618,44.34322,54.355045,80.65934,51.16254,48.23358,56.442535,31.209118,54.494442,54.847473,73.337616,68.88823,45.328106,78.72291,31.492695,36.40806,45.631893,48.813446
49.660187,44.134792,42.688564,47.551548,46.0648,69.10775,34.736565,42.920845,45.551456,46.3743,58.30722,62.230648,54.670235,68.921646,68.73206,12.212102,54.271233,81.6822,69.8229,40.95246,55.09801,51.12006,-1.0,-1.0,-1.0,-1.0,-1.0,-1.0,-1.0,-1.0,-1.0,-1.0,-1.0,-1.0,-1.0,-1.0,-1.0,-1.0,-1.0,-1.0,-1.0,-1.0,-1.0,-1.0,-1.0,-1.0,38.1997,42.608932,61.861633,83.79105,63.69266,52.883636,50.874126,46.319874,64.184616,70.68954,50.8292,58.59502,45.63242,28.684986,53.87156,78.409996,49.623844,37.097458,63.785828,29.005514,36.517605,44.003757,61.013374,64.826996,71.09201,56.534588,34.783092,54.034863,36.08536,43.67763,32.433964,50.003696,57.769337,48.468098,64.81682,57.5795,46.424618,44.34322,54.355045,80.65934,51.16254,48.23358,56.442535,31.209118,54.494442,54.847473,73.337616,68.88823,45.328106,78.72291,31.492695,36.40806,45.530457,46.809402
51.22265,50.63544,40.141937,47.617764,45.791508,68.65119,34.772064,43.15297,45.75102,46.403812,58.30722,62.230648,54.670235,68.921646,68.73206,12.212102,54.271233,81.6822,69.8229,40.95246,55.09801,51.12006,-1.0,-1.0,-1.0,-1.0,-1.0,-1.0,-1.0,-1.0,-1.0,-1.0,-1.0,-1.0,-1.0,-1.0,-1.0,-1.0,-1.0,-1.0,-1.0,-1.0,-1.0,-1.0,-1.0,-1.0,38.1997,42.608932,61.861633,83.79105,63.69266,52.883636,50.874126,46.319874,64.184616,70.68954,50.8292,59.421173,45.63242,28.684986,53.87156,78.409996,49.623844,37.097458,63.555313,28.144882,36.476707,44.17535,61.255215,64.784256,70.96777,56.84224,34.964508,54.214195,36.017727,43.615025,32.634014,50.511032,57.26622,48.315857,64.93441,57.36434,46.424618,44.34322,54.355045,80.65934,51.16254,48.23358,56.442535,31.209118,54.494442,54.847473,73.337616,68.88823,45.328106,78.72291,31.492695,36.40806,45.429016,44.805355
52.466965,50.53413,37.59531,47.683975,45.518215,68.19463,34.807564,43.385094,45.950584,46.307915,58.30722,62.230648,54.670235,68.921646,68.73206,12.212102,54.271233,81.6822,69.8229,40.95246,55.09801,51.12006,-1.0,-1.0,-1.0,-1.0,-1.0,-1.0,-1.0,-1.0,-1.0,-1.0,-1.0,-1.0,-1.0,-1.0,-1.0,-1.0,-1.0,-1.0,-1.0,-1.0,-1.0,-1.0,-1.0,-1.0,38.1997,42.608932,61.861633,83.79105,63.69266,52.883636,50.874126,46.332954,64.184616,70.68954,50.8292,59.183216,46.053123,28.684986,53.87156,78.409996,49.827602,37.097458,63.324795,29.241766,36.43581,44.346943,61.49705,64.741516,70.84354,56.66038,35.14592,54.39353,35.95009,43.55242,32.834064,50.70972,56.763107,47.03796,65.49285,57.14919,46.424618,44.34322,54.355045,80.65934,51.16254,48.23358,56.442535,31.209118,54.494442,54.847473,73.337616,68.88823,45.328106,78.72291,31.492695,36.40806,45.327576,42.801308
52.98862,53.7338,35.048683,47.750187,45.24492,67.73807,34.843063,43.61722,46.150146,46.274723,58.30722,62.230648,54.670235,68.921646,68.73206,12.212102,54.271233,81.6822,69.8229,40.95246,55.09801,51.12006,-1.0,-1.0,-1.0,-1.0,-1.0,-1.0,-1.0,-1.0,-1.0,-1.0,-1.0,-1.0,-1.0,-1.0,-1.0,-1.0,-1.0,-1.0,-1.0,-1.0,-1.0,-1.0,-1.0,-1.0,38.1997,42.608932,61.861633,83.79105,63.69266,52.883636,50.874126,46.319874,64.184616,70.68954,50.8292,59.183216,45.31971,28.59693,53.87156,78.409996,49.623844,37.097458,63.09428,29.35989,36.39491,44.518536,61.73889,64.69878,70.7193,56.478523,35.32733,54.572865,35.882454,43.489815,33.73319,50.908405,56.25999,49.462517,66.10038,56.934032,46.424618,44.34322,54.355045,80.65934,51.16254,48.23358,56.442535,31.209118,54.494442,54.847473,73.337616,68.88823,45.328106,78.72291,31.492695,36.40806,45.22614,40.797264
54.97345,56.933468,32.502056,47.8164,44.971626,67.28151,34.87856,44.10974,46.349712,46.241528,58.30722,62.230648,54.670235,68.921646,68.73206,12.212102,54.271233,81.6822,69.8229,40.95246,55.09801,51.12006,-1.0,-1.0,-1.0,-1.0,-1.0,-1.0,-1.0,-1.0,-1.0,-1.0,-1.0,-1.0,-1.0,-1.0,-1.0,-1.0,-1.0,-1.0,-1.0,-1.0,-1.0,-1.0,-1.0,-1.0,38.1997,42.608932,61.861633,83.79105,63.69266,52.883636,50.874126,46.319874,63.76095,70.68954,50.8292,59.183216,45.63242,28.684986,53.87156,78.409996,49.623844,37.097458,62.86376,29.478016,36.35401,44.69013,61.98073,64.656044,70.59506,56.296665,35.508747,53.368336,35.81482,43.31637,33.23416,51.107094,55.756878,47.859135,65.287186,56.71888,46.424618,44.34322,54.355045,80.65934,51.16254,48.23358,56.442535,31.209118,54.494442,54.847473,73.337616,68.88823,45.328106,78.72291,31.492695,36.40806,45.1247,39.23327
55.18827,60.133137,29.955427,47.882614,44.698334,66.82495,34.91406,44.08147,46.549274,46.208336,58.30722,62.230648,54.670235,68.921646,68.73206,12.212102,54.271233,81.6822,69.8229,40.95246,55.09801,51.12006,-1.0,-1.0,-1.0,-1.0,-1.0,-1.0,-1.0,-1.0,-1.0,-1.0,-1.0,-1.0,-1.0,-1.0,-1.0,-1.0,-1.0,-1.0,-1.0,-1.0,-1.0,-1.0,-1.0,-1.0,38.1997,42.608932,61.861633,83.79105,63.69266,52.883636,50.874126,46.319874,64.184616,70.68954,50.8292,59.183216,45.8015,28.684986,53.87156,78.409996,49.623844,37.097458,62.633247,28.587755,36.433834,44.86172,62.222565,64.613304,70.470825,56.114807,35.69016,54.931534,35.747185,43.36461,33.43421,51.30578,55.253765,47.706894,65.40478,56.503723,46.424618,44.34322,54.355045,80.65934,51.16254,48.23358,56.442535,31.209118,54.494442,54.847473,73.337616,68.88823,45.328106,78.72291,31.492695,36.40806,45.02326,36.789173
56.857307,63.332806,27.4088,47.948826,44.42504,66.368385,34.94956,44.313595,46.74884,46.175144,58.30722,62.230648,54.670235,68.921646,68.73206,12.212102,54.271233,81.6822,69.8229,40.95246,55.09801,51.12006,-1.0,-1.0,-1.0,-1.0,-1.0,-1.0,-1.0,-1.0,-1.0,-1.0,-1.0,-1.0,-1.0,-1.0,-1.0,-1.0,-1.0,-1.0,-1.0,-1.0,-1.0,-1.0,-1.0,-1.0,38.1997,42.608932,61.861633,83.79105,63.69266,52.883636,50.874126,46.319874,64.184616,70.68954,50.8292,59.183216,45.63242,28.684986,53.87156,78.409996,49.623844,37.097458,62.402733,29.714268,36.272213,45.033314,62.464405,64.74638,70.34659,55.93295,35.871574,55.32366,35.679546,43.302002,33.634262,51.504467,54.75065,47.554653,65.52237,56.288567,46.424618,44.34322,54.355045,80.65934,51.16254,48.23358,56.442535,31.209118,54.494442,54.847473,73.337616,68.88823,45.328106,78.00117,31.492695,36.40806,28.031498,46.418102
71.16135,66.53248,24.862171,48.015038,44.151745,65.91183,34.985058,44.54572,46.948402,46.14195,58.30722,62.230648,54.670235,68.921646,68.73206,12.212102,54.271233,81.6822,69.8229,40.95246,55.09801,51.12006,-1.0,-1.0,-1.0,-1.0,-1.0,-1.0,-1.0,-1.0,-1.0,-1.0,-1.0,-1.0,-1.0,-1.0,-1.0,-1.0,-1.0,-1.0,-1.0,-1.0,-1.0,-1.0,-1.0,-1.0,38.1997,42.608932,61.861633,83.79105,63.69266,52.883636,50.874126,46.319874,64.184616,70.68954,50.42728,59.183216,45.63242,28.684986,53.87156,78.409996,49.623844,37.097458,62.172215,29.832392,36.231316,45.204906,63.944447,64.224304,70.22235,55.75109,36.052986,55.290203,35.61191,43.2394,33.834312,51.70315,54.247536,47.402412,65.63996,56.073414,46.424618,44.34322,54.355045,80.65934,51.16254,48.23358,56.442535,31.209118,54.494442,54.847473,73.337616,68.88823,45.328106,78.72291,31.492695,36.40806,27.346184,55.54084
80.34524,33.569637,22.00389,48.08125,43.878452,65.45527,35.020554,44.777843,47.14797,46.108757,58.30722,62.230648,54.670235,68.921646,68.73206,12.212102,54.271233,81.6822,69.8229,40.95246,55.09801,51.12006,-1.0,-1.0,-1.0,-1.0,-1.0,-1.0,-1.0,-1.0,-1.0,-1.0,-1.0,-1.0,-1.0,-1.0,-1.0,-1.0,-1.0,-1.0,-1.0,-1.0,-1.0,-1.0,-1.0,-1.0,38.1997,42.608932,61.861633,83.79105,63.69266,53.38588,50.874126,46.319874,64.184616,70.68954,50.8292,59.183216,45.63242,28.684986,53.87156,78.409996,49.623844,37.097458,61.9417,29.950518,36.19042,45.3765,62.948082,64.48509,70.09812,55.569233,36.2344,55.469536,35.544277,43.176792,34.03436,51.90184,53.74442,47.25017,65.75755,55.858257,46.424618,44.34322,54.355045,80.65934,51.16254,48.23358,56.442535,31.209118,54.494442,54.847473,73.337616,68.88823,45.328106,78.72291,31.197714,36.694546,26.579166,51.824013
79.38783,23.840609,44.140125,48.306507,43.60516,64.99871,35.056053,45.009968,47.34753,46.075565,58.30722,62.230648,54.670235,68.921646,68.73206,12.212102,54.271233,81.6822,69.8229,40.95246,55.09801,51.12006,-1.0,-1.0,-1.0,-1.0,-1.0,-1.0,-1.0,-1.0,-1.0,-1.0,-1.0,-1.0,-1.0,-1.0,-1.0,-1.0,-1.0,-1.0,-1.0,-1.0,-1.0,-1.0,-1.0,-1.0,38.1997,42.608932,61.861633,83.79105,63.291855,52.883636,50.874126,46.319874,64.184616,70.68954,50.8292,59.183216,45.63242,28.684986,53.87156,78.409996,49.623844,37.097458,61.71118,30.068644,36.149517,45.54809,63.18992,64.72939,69.973885,55.387375,36.415813,56.240864,35.677055,43.11419,33.412735,52.100525,53.241306,47.09793,65.875145,55.643105,46.424618,44.34322,54.355045,80.65934,51.16254,48.23358,56.442535,31.209118,54.494442,54.847473,73.337616,68.88823,45.328106,78.72291,31.492695,36.40806,36.4012,40.42057
79.75276,39.601025,57.539806,48.213676,43.331867,64.542145,35.091553,46.05278,47.547096,46.269745,58.30722,62.230648,54.670235,68.921646,68.73206,12.212102,54.271233,81.6822,69.8229,40.95246,55.09801,51.12006,-1.0,-1.0,-1.0,-1.0,-1.0,-1.0,-1.0,-1.0,-1.0,-1.0,-1.0,-1.0,-1.0,-1.0,-1.0,-1.0,-1.0,-1.0,-1.0,-1.0,-1.0,-1.0,-1.0,-1.0,38.1997,42.608932,61.861633,83.79105,63.69266,52.883636,50.874126,46.319874,64.184616,70.68954,50.8292,59.08646,45.63242,28.440655,53.87156,78.409996,49.623844,37.097458,61.480667,30.18677,35.93191,45.719685,63.43176,64.39961,69.18009,55.205517,36.59723,55.828205,35.409004,42.537785,34.43446,52.29921,52.738194,46.94569,65.99274,55.427948,46.424618,44.34322,54.355045,80.65934,51.16254,48.23358,56.442535,31.209118,54.494442,54.847473,73.337616,68.88823,45.328106,78.72291,31.492695,36.40806,50.07556,47.22923
77.593025,45.28378,57.941185,47.856857,43.05857,64.08559,35.127052,45.47422,47.74666,46.0774,58.30722,62.230648,54.670235,68.921646,68.73206,12.212102,54.271233,81.6822,69.8229,40.95246,55.09801,51.12006,-1.0,-1.0,-1.0,-1.0,-1.0,-1.0,-1.0,-1.0,-1.0,-1.0,-1.0,-1.0,-1.0,-1.0,-1.0,-1.0,-1.0,-1.0,-1.0,-1.0,-1.0,-1.0,-1.0,-1.0,38.1997,42.608932,61.861633,83.79105,63.69266,52.883636,50.48298,46.319874,64.184616,70.68954,50.8292,59.183216,45.63242,28.684986,53.87156,78.409996,49.623844,37.097458,61.250153,30.304893,36.067722,45.891277,63.673595,64.35688,69.81154,55.02366,36.77864,56.00754,35.34137,42.98898,34.63451,52.4979,52.235077,46.79345,66.11033,55.21279,46.424618,44.34322,54.355045,80.65934,51.16254,48.23358,56.442535,31.209118,54.494442,54.847473,73.337616,68.88823,45.328106,78.72291,31.492695,36.600063,44.584034,61.301968
79.890854,45.168243,58.355797,48.3461,42.78528,63.629025,35.16255,45.706345,47.946224,45.975986,58.30722,62.230648,54.670235,68.921646,68.73206,12.212102,54.271233,81.6822,69.8229,40.95246,55.09801,51.12006,-1.0,-1.0,-1.0,-1.0,-1.0,-1.0,-1.0,-1.0,-1.0,-1.0,-1.0,-1.0,-1.0,-1.0,-1.0,-1.0,-1.0,-1.0,-1.0,-1.0,-1.0,-1.0,-1.0,-1.0,38.1997,42.608932,61.861633,83.79105,63.69266,52.883636,50.874126,46.25586,64.184616,70.68954,50.8292,59.183216,45.63242,28.684986,53.87156,79.173454,49.623844,37.097458,61.019634,31.301067,36.02682,46.06287,63.915436,64.31414,69.60117,54.8418,35.48357,56.186874,35.273735,42.926376,34.75276,52.696583,51.731964,46.64121,66.22792,54.99764,46.424618,44.34322,54.355045,80.65934,51.16254,48.23358,56.442535,31.209118,54.494442,54.847473,73.337616,68.88823,45.328106,78.72291,31.492695,36.40806,37.501717,60.408844
82.632866,48.016285,58.936275,48.41231,42.511986,63.172466,35.198048,45.93847,48.145786,45.942795,58.30722,62.230648,54.670235,68.921646,68.73206,12.212102,54.271233,81.6822,69.8229,40.95246,55.09801,51.12006,-1.0,-1.0,-1.0,-1.0,-1.0,-1.0,-1.0,-1.0,-1.0,-1.0,-1.0,-1.0,-1.0,-1.0,-1.0,-1.0,-1.0,-1.0,-1.0,-1.0,-1.0,-1.0,-1.0,-1.0,38.1997,42.608932,61.861633,83.79105,63.69266,52.883636,50.874126,46.319874,64.184616,70.68954,50.8292,59.618458,45.63242,28.684986,53.87156,78.375595,49.623844,37.097458,60.78912,30.541145,35.985924,46.234463,62.16115,64.2714,69.47694,54.659943,37.141468,56.36621,35.206097,42.86377,35.03461,52.89527,51.22885,46.488964,66.34551,54.782482,46.424618,44.34322,54.355045,80.65934,51.16254,48.23358,56.442535,31.209118,54.494442,54.847473,73.337616,68.88823,45.328106,78.72291,31.492695,36.40806,43.890514,59.38962
81.69214,48.719498,59.214886,48.478527,42.238693,62.715904,35.233547,46.170593,48.345352,45.909603,58.30722,62.230648,54.670235,68.921646,68.73206,12.212102,54.271233,81.6822,69.8229,40.95246,55.09801,51.12006,-1.0,-1.0,-1.0,-1.0,-1.0,-1.0,-1.0,-1.0,-1.0,-1.0,-1.0,-1.0,-1.0,-1.0,-1.0,-1.0,-1.0,-1.0,-1.0,-1.0,-1.0,-1.0,-1.0,-1.0,38.1997,42.608932,61.861633,83.79105,63.69266,52.883636,50.874126,46.319874,64.184616,70.68954,50.8292,59.183216,45.63242,28.684986,53.87156,78.409996,49.623844,37.097458,60.5586,31.550247,35.945026,46.406055,64.39911,64.22866,70.52253,54.478085,37.32288,56.545544,35.138462,42.801167,35.234657,53.093956,50.725735,46.336723,66.463104,54.56733,46.424618,44.34322,54.355045,80.65934,51.16254,48.23358,56.442535,31.209118,54.494442,54.847473,73.337616,68.88823,45.328106,78.86576,31.492695,36.40806,55.131176,66.900375
63.844635,50.311226,59.493496,48.54474,41.965397,60.18793,35.269047,46.402718,48.544914,45.876408,58.30722,62.230648,54.670235,68.921646,68.73206,12.212102,54.271233,81.6822,69.8229,40.95246,55.09801,51.12006,-1.0,-1.0,-1.0,-1.0,-1.0,-1.0,-1.0,-1.0,-1.0,-1.0,-1.0,-1.0,-1.0,-1.0,-1.0,-1.0,-1.0,-1.0,-1.0,-1.0,-1.0,-1.0,-1.0,-1.0,38.1997,42.608932,61.861633,83.79105,63.44479,52.883636,50.874126,46.319874,64.184616,70.68954,50.8292,59.183216,45.63242,28.684986,53.87156,78.409996,49.623844,37.097458,60.328087,30.777395,35.904125,46.57765,64.64095,64.18593,69.22847,54.296227,37.504295,56.72488,35.070827,42.738564,35.434708,53.292645,50.222622,46.184483,65.873634,55.997578,46.424618,44.34322,54.355045,80.65934,51.16254,48.23358,56.442535,31.209118,54.494442,54.847473,73.337616,68.88823,45.328106,78.72291,31.759401,36.40806,65.761055,80.1136
62.255276,51.4587,59.772106,48.61095,41.692104,61.802784,35.304546,46.634842,48.74448,45.843216,58.30722,62.230648,54.670235,68.921646,68.73206,12.212102,54.271233,81.6822,69.8229,40.95246,55.09801,51.12006,-1.0,-1.0,-1.0,-1.0,-1.0,-1.0,-1.0,-1.0,-1.0,-1.0,-1.0,-1.0,-1.0,-1.0,-1.0,-1.0,-1.0,-1.0,-1.0,-1.0,-1.0,-1.0,-1.0,-1.0,38.1997,42.608932,61.861633,83.79105,63.69266,52.883636,50.874126,46.319874,64.184616,71.01845,50.8292,59.183216,45.63242,28.684986,53.87156,78.409996,49.623844,37.097458,60.097572,30.895521,35.863228,46.74924,62.92576,64.14319,69.10423,54.11437,37.685707,56.904213,35.003193,42.675957,35.634758,53.49133,49.719505,46.03224,67.503365,54.137016,46.424618,44.34322,54.355045,80.65934,51.16254,48.23358,56.442535,31.209118,54.494442,54.847473,73.337616,68.88823,45.328106,78.72291,31.492695,36.40806,64.8949,77.23841
60.665916,52.606167,60.050716,48.677162,41.41881,61.346226,35.340042,46.866966,48.944042,45.810024,58.30722,62.230648,54.670235,68.921646,68.73206,12.212102,54.271233,81.6822,69.8229,40.95246,55.09801,51.12006,-1.0,-1.0,-1.0,-1.0,-1.0,-1.0,-1.0,-1.0,-1.0,-1.0,-1.0,-1.0,-1.0,-1.0,-1.0,-1.0,-1.0,-1.0,-1.0,-1.0,-1.0,-1.0,-1.0,-1.0,38.1997,42.608932,61.861633,83.79105,63.69266,52.883636,50.874126,46.015038,64.184616,70.68954,50.8292,59.183216,45.63242,28.684986,53.87156,78.409996,49.623844,37.097458,59.867054,31.013647,35.82233,46.920834,64.82729,64.10045,68.979996,52.651054,37.867123,57.08355,34.935555,42.613354,35.83481,53.690014,49.216393,45.148808,66.81588,53.921864,46.424618,44.34322,54.355045,80.65934,51.16254,48.23358,56.442535,31.209118,54.494442,54.847473,73.337616,68.88823,45.328106,78.72291,31.492695,36.40806,64.02874,76.05382
59.076557,53.75364,60.568024,48.743374,41.14552,60.889664,35.37554,47.09909,49.14361,45.776833,58.30722,62.230648,54.670235,68.921646,68.73206,12.212102,54.271233,81.6822,69.8229,40.95246,55.09801,51.12006,-1.0,-1.0,-1.0,-1.0,-1.0,-1.0,-1.0,-1.0,-1.0,-1.0,-1.0,-1.0,-1.0,-1.0,-1.0,-1.0,-1.0,-1.0,-1.0,-1.0,-1.0,-1.0,-1.0,-1.0,38.1997,42.608932,61.861633,83.79105,63.69266,52.883636,50.874126,46.319874,64.184616,70.68954,50.8292,59.699387,45.63242,28.684986,53.87156,78.409996,49.623844,37.097458,59.63654,31.131773,36.066757,47.092426,65.36646,64.05771,68.85576,53.750652,38.048534,57.262882,34.86792,43.084457,36.653896,52.800316,48.71328,45.72776,66.93347,53.706707,46.424618,44.34322,54.355045,80.65934,51.16254,48.23358,56.442535,31.209118,54.494442,54.847473,73.337616,68.88823,45.328106,78.72291,31.492695,36.40806,63.16259,74.023926
57.487198,54.901108,60.607937,49.24139,40.872223,60.4331,35.41104,47.33122,49.34317,45.49965,58.30722,62.230648,54.670235,68.921646,68.73206,12.212102,54.271233,81.6822,69.8229,40.95246,55.09801,51.12006,-1.0,-1.0,-1.0,-1.0,-1.0,-1.0,-1.0,-1.0,-1.0,-1.0,-1.0,-1.0,-1.0,-1.0,-1.0,-1.0,-1.0,-1.0,-1.0,-1.0,-1.0,-1.0,-1.0,-1.0,38.1997,42.608932,61.861633,83.79105,63.69266,52.883636,50.874126,46.319874,64.73551,70.68954,50.8292,59.183216,45.63242,28.684986,53.87156,78.409996,49.623844,37.097458,59.40602,31.249897,35.740532,47.26402,65.6083,64.01498,68.73152,53.568794,38.229946,57.44222,34.800285,42.488144,36.234905,54.087387,48.210163,45.57552,67.05106,53.491554,46.424618,44.34322,54.355045,80.65934,51.16254,48.23358,56.442535,31.209118,54.494442,54.847473,73.337616,68.88823,45.328106,78.72291,31.492695,36.40806,62.296432,71.99403
55.897842,56.04858,60.886547,48.8758,40.59893,59.976543,35.44654,47.563343,49.542736,45.710445,58.30722,62.230648,54.670235,68.921646,68.73206,12.212102,54.271233,81.6822,69.8229,40.95246,55.09801,51.12006,-1.0,-1.0,-1.0,-1.0,-1.0,-1.0,-1.0,-1.0,-1.0,-1.0,-1.0,-1.0,-1.0,-1.0,-1.0,-1.0,-1.0,-1.0,-1.0,-1.0,-1.0,-1.0,-1.0,-1.0,38.1997,42.608932,61.861633,83.79105,63.69266,52.883636,50.874126,46.319874,64.184616,70.68954,50.686428,59.183216,45.63242,28.684986,53.87156,78.409996,49.623844,36.741653,60.849926,31.368023,35.699635,48.27755,65.85014,63.972237,68.607285,53.386936,38.41136,57.033962,34.73265,42.864857,36.434956,54.286076,47.70705,45.42328,67.20123,51.519516,46.424618,44.34322,54.355045,80.65934,51.16254,48.23358,56.442535,31.209118,54.494442,54.847473,73.337616,68.88823,45.328106,78.72291,31.492695,36.40806,61.43028,71.91557
54.308483,57.19605,61.165154,48.70556,40.325638,59.51998,35.482037,49.30221,49.7423,45.3531,58.30722,62.230648,54.670235,68.921646,68.73206,12.212102,54.271233,81.6822,69.8229,40.95246,55.09801,51.12006,-1.0,-1.0,-1.0,-1.0,-1.0,-1.0,-1.0,-1.0,-1.0,-1.0,-1.0,-1.0,-1.0,-1.0,-1.0,-1.0,-1.0,-1.0,-1.0,-1.0,-1.0,-1.0,-1.0,-1.0,38.1997,42.608932,61.861633,83.79105,63.69266,52.883636,50.896774,46.319874,64.184616,70.68954,50.8292,59.183216,45.63242,28.684986,53.87156,78.409996,49.623844,37.097458,58.944992,31.486149,35.658737,47.607204,66.09198,63.929497,68.48305,53.20508,38.592773,57.800888,35.118816,42.362934,36.635006,54.48476,47.203934,45.271038,67.28625,53.06124,46.424618,44.34322,54.355045,80.65934,51.16254,48.23358,56.442535,31.209118,54.494442,54.847473,73.337616,68.88823,45.328106,78.72291,31.492695,36.40806,60.564125,67.93426
52.719124,58.34352,61.443764,48.911404,40.052345,59.063423,35.517536,48.02759,49.941864,45.644062,58.30722,62.230648,54.670235,68.921646,68.73206,12.212102,54.271233,81.6822,69.8229,40.95246,55.09801,51.12006,-1.0,-1.0,-1.0,-1.0,-1.0,-1.0,-1.0,-1.0,-1.0,-1.0,-1.0,-1.0,-1.0,-1.0,-1.0,-1.0,-1.0,-1.0,-1.0,-1.0,-1.0,-1.0,-1.0,-1.0,38.1997,42.608932,61.861633,83.79105,63.73777,52.883636,50.874126,46.319874,64.184616,70.68954,50.8292,59.183216,45.63242,28.684986,53.87156,78.409996,49.623844,37.097458,58.714474,31.604275,35.617836,47.778797,66.33382,63.88676,68.35882,53.02322,38.77419,57.98022,34.597378,42.30033,36.835056,54.68345,47.814953,45.118797,66.576744,52.84609,46.424618,44.34322,54.355045,80.65934,51.16254,48.23358,56.442535,31.209118,54.494442,54.847473,73.337616,68.88823,45.328106,78.72291,31.492695,36.40806,59.69797,67.95964
51.160862,59.49099,61.722374,49.074436,39.77905,58.60686,35.553036,48.259716,50.141426,45.610867,58.30722,62.230648,54.670235,68.921646,68.73206,12.212102,54.271233,81.6822,69.8229,40.95246,55.09801,51.12006,-1.0,-1.0,-1.0,-1.0,-1.0,-1.0,-1.0,-1.0,-1.0,-1.0,-1.0,-1.0,-1.0,-1.0,-1.0,-1.0,-1.0,-1.0,-1.0,-1.0,-1.0,-1.0,-1.0,-1.0,38.1997,42.608932,61.861633,83.79105,63.69266,52.883636,50.874126,46.319874,64.184616,70.68954,50.8292,59.183216,45.63242,28.684986,53.87156,77.79953,49.623844,37.097458,58.48396,30.770994,35.57694,47.95039,66.57565,63.84402,68.23458,52.841362,38.9556,58.159557,34.529743,42.23773,37.035107,54.882133,46.19771,44.966557,67.52143,52.63093,46.424618,44.34322,54.355045,80.65934,51.16254,48.23358,56.442535,31.209118,54.494442,54.847473,73.337616,68.88823,45.328106,78.72291,31.492695,36.40806,59.254253,63.874474
49.540405,60.638462,62.310616,49.14065,39.505756,58.1503,35.588535,48.49184,50.340992,45.577675,58.30722,62.230648,54.670235,68.921646,68.73206,12.212102,54.271233,81.6822,69.8229,40.95246,55.09801,51.12006,-1.0,-1.0,-1.0,-1.0,-1.0,-1.0,-1.0,-1.0,-1.0,-1.0,-1.0,-1.0,-1.0,-1.0,-1.0,-1.0,-1.0,-1.0,-1.0,-1.0,-1.0,-1.0,-1.0,-1.0,38.1997,42.608932,61.861633,83.79105,63.69266,52.883636,50.874126,46.319874,64.184616,70.68954,50.590855,59.568127,45.63242,28.897501,53.823586,78.409996,49.623844,36.765213,58.25344,31.840525,35.53604,48.121983,66.8175,63.801285,68.110344,52.659504,39.137016,58.33889,34.462105,42.17512,37.235153,55.08082,45.69459,44.814316,67.63902,52.41578,46.424618,44.34322,54.355045,80.65934,51.16254,48.23358,56.442535,31.209118,54.494442,54.847473,73.337616,68.88823,45.328106,78.72291,31.492695,36.40806,58.33109,62.53377
47.951046,61.78593,61.94467,49.206863,39.232464,57.69374,35.624035,48.723965,52.499844,45.544483,58.30722,62.230648,54.670235,68.921646,68.73206,12.212102,54.271233,81.6822,69.8229,40.95246,55.09801,51.12006,-1.0,-1.0,-1.0,-1.0,-1.0,-1.0,-1.0,-1.0,-1.0,-1.0,-1.0,-1.0,-1.0,-1.0,-1.0,-1.0,-1.0,-1.0,-1.0,-1.0,-1.0,-1.0,-1.0,-1.0,38.1997,42.608932,61.861633,83.79105,63.69266,52.883636,50.874126,46.319874,64.184616,70.68954,50.8292,59.183216,45.63242,28.684986,53.87156,78.409996,49.623844,37.097458,58.022926,31.95865,35.49514,48.293575,67.05933,63.758545,67.98611,52.477646,39.318428,58.518227,34.39447,42.11252,37.435204,55.279507,45.19148,44.662075,67.756615,52.200623,46.424618,44.34322,54.355045,80.65934,51.16254,48.23358,56.442535,31.209118,54.494442,54.847473,73.337616,68.88823,45.328106,78.72291,31.492695,36.40806,57.099506,59.81469
46.361687,62.9334,62.558205,49.273075,37.557888,57.23718,35.43819,48.956093,50.74012,45.511288,58.30722,62.230648,54.670235,68.921646,68.73206,12.212102,54.271233,81.6822,69.8229,40.95246,55.09801,51.12006,-1.0,-1.0,-1.0,-1.0,-1.0,-1.0,-1.0,-1.0,-1.0,-1.0,-1.0,-1.0,-1.0,-1.0,-1.0,-1.0,-1.0,-1.0,-1.0,-1.0,-1.0,-1.0,-1.0,-1.0,38.1997,42.608932,61.861633,83.79105,63.69266,52.883636,50.874126,46.319874,64.184616,70.68954,50.8292,59.183216,45.63242,28.684986,53.87156,78.409996,49.623844,37.097458,57.792408,32.076775,35.454243,48.465168,67.30117,63.576267,67.86187,52.295788,39.499844,58.69756,34.747925,42.04991,37.635254,55.47819,47.21193,44.509834,67.79668,51.691395,46.424618,44.34322,54.355045,80.65934,51.16254,48.23358,56.442535,31.209118,54.494442,54.847473,73.337616,68.88823,45.328106,78.72291,31.492695,36.40806,56.233353,57.7848
50.808113,64.08087,62.836815,49.339287,38.685875,56.78062,35.69503,49.188217,50.939682,45.478096,58.30722,62.230648,54.670235,68.921646,68.73206,12.212102,54.271233,81.6822,69.8229,40.95246,55.09801,51.12006,-1.0,-1.0,-1.0,-1.0,-1.0,-1.0,-1.0,-1.0,-1.0,-1.0,-1.0,-1.0,-1.0,-1.0,-1.0,-1.0,-1.0,-1.0,-1.0,-1.0,-1.0,-1.0,-1.0,-1.0,38.1997,42.608932,61.861633,83.79105,63.69266,52.883636,50.874126,46.319874,64.184616,70.68954,50.8292,59.183216,45.63242,28.684986,53.87156,78.409996,49.623844,37.097458,57.561893,32.45162,35.413345,48.63676,67.54301,63.67307,67.73763,52.11393,39.681255,58.876892,34.2592,41.98731,39.46811,55.67688,44.18525,44.357594,67.173805,51.770313,46.424618,44.34322,54.355045,80.65934,51.16254,48.23358,56.442535,31.209118,54.494442,54.847473,73.337616,68.88823,45.328106,78.72291,31.492695,40.213898,57.266,63.261253
53.519104,65.22834,63.115425,49.405502,38.418125,56.32406,35.73053,49.42034,51.139248,45.444904,58.30722,62.230648,54.670235,68.921646,68.73206,12.212102,54.271233,81.6822,69.8229,40.95246,55.09801,51.12006,-1.0,-1.0,-1.0,-1.0,-1.0,-1.0,-1.0,-1.0,-1.0,-1.0,-1.0,-1.0,-1.0,-1.0,-1.0,-1.0,-1.0,-1.0,-1.0,-1.0,-1.0,-1.0,-1.0,-1.0,38.1997,42.608932,61.861633,83.79105,63.69266,52.883636,50.874126,46.319874,64.31641,70.68954,50.8292,59.183216,45.63242,28.684986,53.87156,78.409996,49.623844,37.097458,57.10856,31.878197,35.372444,48.808353,67.78485,63.630333,67.613396,53.178326,41.29174,59.05623,34.191563,41.924706,38.035355,55.875565,43.682137,44.205353,68.10939,51.555157,46.424618,44.34322,54.355045,80.65934,51.16254,48.23358,56.442535,31.209118,54.494442,54.847473,73.337616,68.88823,45.328106,78.72291,31.492695,43.67957,58.886593,68.780365
49.0444,66.37581,63.39403,49.482426,38.13929,55.8675,35.76603,49.652466,51.535717,45.411713,58.30722,62.230648,54.670235,68.921646,68.73206,12.212102,54.271233,81.6822,69.8229,40.95246,55.09801,51.12006,-1.0,-1.0,-1.0,-1.0,-1.0,-1.0,-1.0,-1.0,-1.0,-1.0,-1.0,-1.0,-1.0,-1.0,-1.0,-1.0,-1.0,-1.0,-1.0,-1.0,-1.0,-1.0,-1.0,-1.0,38.1997,42.608932,61.861633,83.79105,63.69266,53.106327,50.874126,46.319874,64.184616,70.336624,50.8292,59.183216,45.63242,28.684986,53.87156,78.409996,49.623844,36.982365,57.10086,32.01523,35.331547,48.979942,68.02669,63.587593,67.48917,51.750214,40.044083,58.494812,34.123928,41.8621,38.2354,56.074253,43.17902,44.053112,68.01292,51.340004,46.424618,44.34322,54.355045,80.65934,51.16254,48.23358,56.442535,31.209118,54.494442,54.847473,73.337616,68.88823,45.328106,78.72291,31.492695,44.00803,58.426205,68.79943
37.524506,67.523285,63.67264,49.537926,37.865993,55.41094,35.801525,51.705414,51.538376,45.378517,58.30722,62.230648,54.670235,68.921646,68.73206,12.212102,54.271233,81.6822,69.8229,40.95246,55.09801,51.12006,-1.0,-1.0,-1.0,-1.0,-1.0,-1.0,-1.0,-1.0,-1.0,-1.0,-1.0,-1.0,-1.0,-1.0,-1.0,-1.0,-1.0,-1.0,-1.0,-1.0,-1.0,-1.0,-1.0,-1.0,38.1997,42.608932,61.861633,83.79105,63.69266,52.883636,50.630024,46.319874,64.25322,70.68954,50.8292,59.183216,45.63242,28.684986,53.87156,78.409996,49.623844,37.097458,56.870346,32.54928,35.29065,48.263855,68.268524,63.544857,67.36493,51.568356,38.97945,59.414898,34.056293,42.204697,38.43545,56.272938,42.675907,43.90087,68.344574,51.124847,46.424618,44.34322,54.355045,80.65934,51.16254,48.23358,56.442535,31.209118,54.494442,54.847473,73.337616,68.88823,45.328106,78.72291,31.492695,44.336494,57.965816,68.837204
30.620617,68.67075,63.951252,49.604137,37.5927,54.954376,35.837025,50.116714,51.737938,45.345325,58.30722,62.230648,54.670235,68.921646,68.73206,12.212102,54.271233,81.6822,69.8229,40.95246,55.09801,51.12006,-1.0,-1.0,-1.0,-1.0,-1.0,-1.0,-1.0,-1.0,-1.0,-1.0,-1.0,-1.0,-1.0,-1.0,-1.0,-1.0,-1.0,-1.0,-1.0,-1.0,-1.0,-1.0,-1.0,-1.0,38.1997,42.608932,61.861633,83.79105,63.69266,53.293903,50.874126,46.319874,64.184616,70.68954,50.8292,59.183216,45.63242,28.51309,53.87156,78.86756,49.623844,37.097458,56.639828,32.667404,35.24975,49.323128,68.51036,63.502117,67.24069,51.386497,40.40691,59.59423,33.988655,41.73689,38.6355,56.471622,42.172794,43.74863,68.462166,50.90969,46.424618,44.34322,54.355045,80.65934,51.16254,48.23358,56.442535,31.209118,54.494442,54.847473,73.337616,68.88823,45.328106,78.72291,31.492695,44.66496,57.50543,68.83756
34.48446,69.81822,64.229866,49.459026,37.31941,54.497818,35.872524,50.34884,51.937504,45.312134,58.30722,62.230648,54.670235,68.921646,68.73206,12.212102,54.271233,81.6822,69.8229,40.95246,55.09801,51.12006,-1.0,-1.0,-1.0,-1.0,-1.0,-1.0,-1.0,-1.0,-1.0,-1.0,-1.0,-1.0,-1.0,-1.0,-1.0,-1.0,-1.0,-1.0,-1.0,-1.0,-1.0,-1.0,-1.0,-1.0,38.1997,42.608932,61.861633,83.79105,63.69266,52.883636,50.874126,46.319874,64.184616,70.68954,50.61236,59.183216,45.63242,28.684986,53.667984,78.409996,49.623844,37.097458,56.409313,32.78553,35.20885,49.49472,68.7522,63.45938,67.116455,51.20464,40.58832,59.773567,33.459496,41.674286,38.835552,56.67031,41.669678,43.59639,68.57976,50.69454,46.424618,44.34322,54.355045,80.65934,51.16254,48.23358,56.442535,31.209118,54.494442,54.847473,73.337616,68.88823,45.328106,78.72291,31.492695,44.99342,57.04504,68.85663
47.468636,70.96569,64.50847,49.736565,36.346405,54.041256,35.908024,50.580963,52.137066,45.278942,58.30722,62.230648,54.670235,68.921646,68.73206,12.212102,54.271233,81.6822,69.8229,40.95246,55.09801,51.12006,-1.0,-1.0,-1.0,-1.0,-1.0,-1.0,-1.0,-1.0,-1.0,-1.0,-1.0,-1.0,-1.0,-1.0,-1.0,-1.0,-1.0,-1.0,-1.0,-1.0,-1.0,-1.0,-1.0,-1.0,38.1997,42.608932,61.861633,83.79105,63.69266,52.883636,50.874126,46.319874,64.184616,70.68954,50.8292,59.183216,45.522743,28.684986,54.354527,78.409996,49.623844,37.097458,56.174232,32.903652,35.167953,47.97706,68.99404,63.41664,66.99222,51.02278,40.769737,59.9529,33.853386,41.611683,39.035603,58.277996,41.166565,43.44415,68.69735,50.47938,46.424618,44.34322,54.355045,80.65934,51.16254,48.23358,56.442535,31.209118,54.494442,54.847473,73.337616,68.88823,45.328106,78.72291,31.492695,45.321884,56.584652,68.84397
54.48017,72.11317,64.78708,49.802776,36.77282,53.584698,35.943523,50.81309,51.67008,45.245747,58.30722,62.230648,54.670235,68.921646,68.73206,12.212102,54.271233,81.6822,69.8229,40.95246,55.09801,51.12006,-1.0,-1.0,-1.0,-1.0,-1.0,-1.0,-1.0,-1.0,-1.0,-1.0,-1.0,-1.0,-1.0,-1.0,-1.0,-1.0,-1.0,-1.0,-1.0,-1.0,-1.0,-1.0,-1.0,-1.0,38.1997,42.608932,61.861633,83.79105,63.69266,52.883636,50.874126,46.319874,64.184616,70.68954,50.8292,59.183216,45.63242,28.684986,53.87156,78.409996,49.623844,37.097458,55.94828,33.02178,35.127052,49.837906,69.23588,63.373905,66.86798,50.84092,40.95115,60.132236,33.78575,41.549076,39.235653,57.067684,40.66345,43.29191,68.81494,50.26423,46.424618,44.34322,54.355045,80.65934,51.16254,48.23358,56.442535,31.209118,54.494442,54.847473,73.337616,68.88823,45.328106,78.72291,31.492695,45.650345,56.124264,68.89475
52.22428,73.260635,65.06569,49.868988,36.499527,53.128136,35.97902,51.045216,51.129387,45.212555,58.30722,62.230648,54.670235,68.921646,68.73206,12.212102,54.271233,81.6822,69.8229,40.95246,55.09801,51.12006,-1.0,-1.0,-1.0,-1.0,-1.0,-1.0,-1.0,-1.0,-1.0,-1.0,-1.0,-1.0,-1.0,-1.0,-1.0,-1.0,-1.0,-1.0,-1.0,-1.0,-1.0,-1.0,-1.0,-1.0,38.1997,42.608932,61.861633,83.79105,63.69266,52.883636,50.874126,46.319874,64.184616,70.68954,50.8292,59.183216,45.63242,28.684986,53.87156,78.409996,49.623844,37.097458,55.717766,33.139904,35.086155,50.0095,69.477715,63.33117,66.743744,50.65906,41.13256,59.86211,33.718113,40.965187,39.120823,57.26637,40.160336,43.139668,68.93253,50.049072,46.424618,44.34322,54.355045,80.65934,51.16254,48.23358,56.442535,31.209118,54.494442,54.847473,73.337616,68.88823,45.328106,78.72291,31.492695,45.97881,55.811607,68.91382
45.821552,74.408104,65.3443,49.9352,36.226234,52.671577,36.01452,51.27734,52.73576,45.263676,58.30722,62.230648,54.670235,68.921646,68.73206,12.212102,54.271233,81.6822,69.8229,40.95246,55.09801,51.12006,-1.0,-1.0,-1.0,-1.0,-1.0,-1.0,-1.0,-1.0,-1.0,-1.0,-1.0,-1.0,-1.0,-1.0,-1.0,-1.0,-1.0,-1.0,-1.0,-1.0,-1.0,-1.0,-1.0,-1.0,38.1997,42.608932,61.861633,83.79105,63.69266,52.883636,50.701725,46.319874,64.184616,70.68954,50.8292,59.022606,45.63242,28.684986,53.87156,78.409996,49.623844,37.147762,55.487247,33.25803,35.045258,50.18109,69.71955,63.28843,66.61951,50.477203,41.313976,60.490906,34.125156,41.423866,39.63575,57.465057,39.657223,42.987427,69.050125,49.833916,46.424618,44.34322,54.355045,80.65934,51.16254,48.23358,56.442535,31.209118,54.494442,54.847473,73.337616,68.88823,45.328106,78.72291,31.492695,46.307274,55.203487,68.932884
37.03499,75.55557,65.62291,49.81248,35.95294,52.215015,36.05002,51.58107,52.93532,45.14617,58.30722,62.230648,54.670235,68.921646,68.73206,12.212102,54.271233,81.6822,69.8229,40.95246,55.09801,51.12006,-1.0,-1.0,-1.0,-1.0,-1.0,-1.0,-1.0,-1.0,-1.0,-1.0,-1.0,-1.0,-1.0,-1.0,-1.0,-1.0,-1.0,-1.0,-1.0,-1.0,-1.0,-1.0,-1.0,-1.0,38.1997,42.608932,61.861633,83.79105,63.69266,52.883636,50.874126,46.319874,64.184616,70.68954,50.46196,59.183216,45.63242,28.684986,53.87156,77.84609,49.623844,37.097458,55.256733,33.376156,35.004356,50.352684,69.961395,63.245693,66.49528,50.295345,41.495388,60.67024,33.582844,41.361263,39.8358,57.663742,39.154106,42.835186,69.16772,49.618763,46.424618,44.34322,54.355045,80.65934,51.16254,48.23358,56.442535,31.209118,54.494442,54.847473,73.337616,68.88823,45.328106,78.72291,31.492695,46.635735,54.7431,68.95195
29.157627,68.26256,65.90152,50.067627,35.679646,51.758453,36.085518,51.74159,53.134888,45.112976,58.30722,62.230648,54.670235,68.921646,68.73206,12.212102,54.271233,81.6822,69.8229,40.95246,55.09801,51.12006,-1.0,-1.0,-1.0,-1.0,-1.0,-1.0,-1.0,-1.0,-1.0,-1.0,-1.0,-1.0,-1.0,-1.0,-1.0,-1.0,-1.0,-1.0,-1.0,-1.0,-1.0,-1.0,-1.0,-1.0,38.1997,42.608932,61.861633,83.79105,63.69266,52.883636,50.874126,46.319874,64.184616,70.68954,50.8292,59.183216,45.63242,28.684986,53.87156,78.409996,49.623844,37.09474,55.02622,33.49428,34.96346,50.524277,70.20323,63.202953,66.37104,50.113487,41.676804,60.849575,33.51521,41.29866,40.03585,59.0015,38.650993,42.682945,69.28531,49.403606,46.424618,44.34322,54.355045,80.65934,51.16254,48.23358,56.442535,31.209118,54.494442,54.847473,73.337616,68.88823,45.328106,78.72291,31.492695,46.9642,54.28271,68.971016
28.634224,53.961704,78.127014,53.481335,35.406353,51.301895,36.01229,52.73063,53.33445,45.079784,58.30722,62.230648,54.670235,68.921646,68.73206,12.212102,54.271233,81.6822,69.8229,40.95246,55.09801,51.12006,-1.0,-1.0,-1.0,-1.0,-1.0,-1.0,-1.0,-1.0,-1.0,-1.0,-1.0,-1.0,-1.0,-1.0,-1.0,-1.0,-1.0,-1.0,-1.0,-1.0,-1.0,-1.0,-1.0,-1.0,38.1997,42.608932,61.861633,83.79105,63.69266,52.883636,50.874126,46.319874,64.184616,71.06201,50.8292,59.183216,45.63242,28.684986,53.87156,78.409996,49.623844,37.097458,54.7957,33.612408,34.92256,50.69587,70.44507,63.160217,66.2468,49.93163,41.858215,61.028908,33.44757,41.236053,40.2359,58.061115,38.14788,42.530704,69.4029,49.188454,46.424618,44.34322,54.355045,80.65934,51.16254,48.23358,56.442535,31.209118,54.494442,54.847473,73.337616,68.88823,45.328106,78.72291,31.492695,47.29266,53.822323,68.99008
34.16459,44.96347,82.636444,68.24013,35.13306,50.845333,36.156513,52.205837,53.534016,45.046593,58.30722,62.230648,54.670235,68.921646,68.73206,12.212102,54.271233,81.6822,69.8229,40.95246,55.09801,51.12006,-1.0,-1.0,-1.0,-1.0,-1.0,-1.0,-1.0,-1.0,-1.0,-1.0,-1.0,-1.0,-1.0,-1.0,-1.0,-1.0,-1.0,-1.0,-1.0,-1.0,-1.0,-1.0,-1.0,-1.0,38.1997,42.608932,61.861633,83.79105,63.69266,52.883636,50.874126,46.319874,64.184616,70.68954,51.18423,59.183216,45.63242,28.684986,53.87156,78.409996,49.623844,36.73302,54.565186,33.730534,34.88166,50.867462,70.686905,63.117477,66.12257,49.17136,42.03963,61.208244,33.379936,41.17345,40.435947,58.2598,37.644764,42.378464,69.52049,48.973297,46.424618,44.34322,54.355045,80.65934,51.16254,48.23358,56.442535,31.209118,54.494442,54.847473,73.337616,68.88823,45.328106,78.72291,31.492695,47.621124,53.361935,69.00915
42.791546,45.36383,84.87414,73.087105,34.859768,50.388775,36.44358,52.437965,53.733578,45.013397,58.30722,62.230648,54.670235,68.921646,68.73206,12.212102,54.271233,81.6822,69.8229,40.95246,55.09801,51.12006,-1.0,-1.0,-1.0,-1.0,-1.0,-1.0,-1.0,-1.0,-1.0,-1.0,-1.0,-1.0,-1.0,-1.0,-1.0,-1.0,-1.0,-1.0,-1.0,-1.0,-1.0,-1.0,-1.0,-1.0,38.1997,42.608932,61.861633,83.79105,63.69266,52.883636,50.874126,46.319874,64.184616,70.68954,50.8292,59.183216,45.63242,28.684986,53.87156,78.409996,49.623844,37.097458,54.334667,33.848656,34.83549,49.42557,70.92875,63.07474,65.99833,49.567913,42.221043,61.387577,33.3123,41.110844,40.635998,58.725456,37.14165,42.776527,69.638084,48.75814,46.424618,44.34322,54.355045,80.65934,51.16254,48.23358,56.442535,31.209118,54.494442,54.847473,73.337616,68.88823,45.328106,78.72291,31.434097,47.94959,52.901546,69.02821
52.603935,52.02821,85.3344,53.679802,33.218918,52.69988,35.92434,52.67009,52.802834,44.980206,58.30722,62.230648,54.670235,68.921646,68.73206,12.212102,54.271233,81.6822,69.8229,40.95246,55.09801,51.12006,-1.0,-1.0,-1.0,-1.0,-1.0,-1.0,-1.0,-1.0,-1.0,-1.0,-1.0,-1.0,-1.0,-1.0,-1.0,-1.0,-1.0,-1.0,-1.0,-1.0,-1.0,-1.0,-1.0,-1.0,38.1997,42.608932,61.861633,83.79105,63.69266,52.883636,50.874126,46.319874,64.184616,70.68954,50.8292,59.183216,45.390553,28.684986,53.87156,78.409996,49.623844,37.097458,54.104153,33.96678,34.799866,51.210648,71.170586,63.032,66.616486,49.386055,42.402454,61.566914,33.244663,41.130413,40.83605,58.657173,36.638535,42.07398,69.75568,48.542988,46.424618,44.34322,54.355045,80.65934,51.16254,48.23358,56.442535,31.209118,54.494442,54.847473,73.337616,68.88823,45.328106,78.72291,31.492695,48.27805,52.44116,69.04728
66.38576,63.80522,74.64002,24.902431,34.31318,49.47565,36.26301,52.902214,54.132706,44.947014,58.30722,62.230648,54.670235,68.921646,68.73206,12.212102,54.271233,81.6822,69.8229,40.95246,55.09801,51.12006,-1.0,-1.0,-1.0,-1.0,-1.0,-1.0,-1.0,-1.0,-1.0,-1.0,-1.0,-1.0,-1.0,-1.0,-1.0,-1.0,-1.0,-1.0,-1.0,-1.0,-1.0,-1.0,-1.0,-1.0,38.1997,42.608932,61.861633,83.79105,63.076694,52.883636,50.874126,46.319874,64.184616,70.68954,50.8292,59.183216,45.63242,28.684986,53.87156,78.409996,49.623844,37.097458,53.873634,34.084908,34.758965,51.38224,71.41242,62.989265,65.749855,49.204197,42.58387,61.746246,33.17703,40.985638,41.0361,58.85586,36.13542,41.921738,70.65329,48.32783,46.424618,44.34322,54.355045,80.65934,51.16254,48.23358,56.442535,31.209118,54.494442,54.847473,73.337616,68.88823,45.328106,78.46553,31.492695,48.606514,51.98077,69.066345
80.52772,59.97176,39.487743,17.878387,35.589943,45.588303,36.298508,53.13434,54.33227,44.913822,58.30722,62.230648,54.670235,68.921646,68.73206,12.212102,54.271233,81.6822,69.8229,40.95246,55.09801,51.12006,-1.0,-1.0,-1.0,-1.0,-1.0,-1.0,-1.0,-1.0,-1.0,-1.0,-1.0,-1.0,-1.0,-1.0,-1.0,-1.0,-1.0,-1.0,-1.0,-1.0,-1.0,-1.0,-1.0,-1.0,38.1997,42.608932,61.861633,83.79105,63.69266,52.883636,50.874126,46.319874,64.184616,70.68954,50.8292,59.183216,45.63242,28.684986,53.87156,78.409996,49.623844,37.097458,53.64312,34.203033,34.718067,51.553833,70.7417,62.946526,65.625626,49.02234,42.76528,61.925583,33.109394,40.92303,42.353073,59.054546,39.98443,41.60978,69.99086,48.11268,46.424618,44.34322,54.355045,80.65934,51.16254,48.23358,56.442535,31.209118,54.494442,54.847473,73.337616,68.88823,45.328106,78.72291,31.492695,48.934975,51.520382,69.08541
80.00861,28.903889,38.56271,26.354435,28.495089,48.56253,36.334007,53.366463,54.531834,44.845894,58.30722,62.230648,54.670235,68.921646,68.73206,12.212102,54.271233,81.6822,69.8229,40.95246,55.09801,51.12006,-1.0,-1.0,-1.0,-1.0,-1.0,-1.0,-1.0,-1.0,-1.0,-1.0,-1.0,-1.0,-1.0,-1.0,-1.0,-1.0,-1.0,-1.0,-1.0,-1.0,-1.0,-1.0,-1.0,-1.0,38.1997,42.608932,61.861633,83.79105,63.69266,52.883636,50.874126,46.319874,64.184616,70.68954,50.8292,59.183216,45.63242,28.684986,53.87156,77.83617,49.623844,37.097458,53.412605,34.32116,34.67717,51.725426,71.896095,62.90379,65.50139,48.84048,42.946697,62.104916,33.04176,40.860428,41.436195,59.25323,35.129192,41.617256,70.10845,47.897522,46.424618,44.34322,54.355045,80.65934,51.16254,48.23358,56.442535,31.209118,54.494442,54.847473,73.337616,68.88823,45.328106,78.72291,31.492695,49.26344,51.059994,69.10447
78.26455,29.103783,38.996998,32.280804,31.206776,48.105972,36.369507,53.598587,54.7314,44.847435,58.30722,62.230648,54.670235,68.921646,68.73206,12.212102,54.271233,81.6822,69.8229,40.95246,55.09801,51.12006,-1.0,-1.0,-1.0,-1.0,-1.0,-1.0,-1.0,-1.0,-1.0,-1.0,-1.0,-1.0,-1.0,-1.0,-1.0,-1.0,-1.0,-1.0,-1.0,-1.0,-1.0,-1.0,-1.0,-1.0,38.1997,42.608932,61.861633,83.79105,63.69266,52.883636,50.874126,46.319874,64.184616,70.68954,50.561222,59.183216,45.342968,28.684986,53.87156,78.36225,49.623844,37.097458,53.182087,34.439285,34.63627,51.89702,72.13794,62.86105,66.2973,48.658623,43.12811,62.284252,33.424355,40.797825,41.636246,59.45192,34.62608,41.465015,70.22604,47.682365,46.424618,44.34322,54.355045,80.65934,51.16254,48.23358,56.442535,31.209118,54.494442,54.847473,73.337616,68.88823,45.328106,78.72291,31.492695,49.591904,50.599606,69.123535
76.520485,29.431257,39.431286,31.503117,33.91846,47.64941,36.405006,53.83071,54.93096,44.814243,58.30722,62.230648,54.670235,68.921646,68.73206,12.212102,54.271233,81.6822,69.8229,40.95246,55.09801,51.12006,-1.0,-1.0,-1.0,-1.0,-1.0,-1.0,-1.0,-1.0,-1.0,-1.0,-1.0,-1.0,-1.0,-1.0,-1.0,-1.0,-1.0,-1.0,-1.0,-1.0,-1.0,-1.0,-1.0,-1.0,38.1997,42.608932,61.861633,83.79105,63.69266,52.883636,50.874126,46.319874,64.184616,70.68954,50.8292,59.183216,45.63242,28.684986,53.87156,78.409996,49.623844,37.097458,52.951572,34.55741,34.59537,52.06861,72.379776,62.818314,65.252914,48.476765,43.309525,62.463585,32.906487,40.735218,41.836296,59.650604,34.122963,41.312775,70.343636,47.467213,46.424618,44.34322,54.355045,80.65934,51.16254,48.23358,56.442535,31.209118,54.494442,54.847473,73.337616,68.88823,45.328106,78.72291,30.764408,57.695686,65.835175,66.64462
74.77642,29.52246,39.865574,34.077457,35.178806,47.192852,36.380943,54.062836,55.130527,44.78105,58.30722,62.230648,54.670235,68.921646,68.73206,12.212102,54.271233,81.6822,69.8229,40.95246,55.09801,51.12006,-1.0,-1.0,-1.0,-1.0,-1.0,-1.0,-1.0,-1.0,-1.0,-1.0,-1.0,-1.0,-1.0,-1.0,-1.0,-1.0,-1.0,-1.0,-1.0,-1.0,-1.0,-1.0,-1.0,-1.0,38.1997,42.608932,61.861633,83.79105,63.69266,53.306828,50.874126,46.319874,64.184616,70.68954,50.8292,59.183216,45.63242,28.684986,53.87156,78.409996,49.623844,37.097458,52.721054,34.675537,34.554474,52.240204,72.62161,62.775574,65.12868,47.921413,43.490936,62.64292,32.838852,40.672615,42.036346,59.849293,33.61985,41.374363,70.46123,47.252056,46.424618,44.34322,54.355045,80.65934,51.16254,48.23358,56.442535,31.209118,54.494442,54.847473,73.337616,68.88823,45.328106,77.93881,33.112835,57.635994,77.20305,40.778004
73.03236,29.958626,40.299862,36.6518,39.341835,46.73629,36.476,54.35251,55.33009,44.747856,58.30722,62.230648,54.670235,68.921646,68.73206,12.212102,54.271233,81.6822,69.8229,40.95246,55.09801,51.12006,-1.0,-1.0,-1.0,-1.0,-1.0,-1.0,-1.0,-1.0,-1.0,-1.0,-1.0,-1.0,-1.0,-1.0,-1.0,-1.0,-1.0,-1.0,-1.0,-1.0,-1.0,-1.0,-1.0,-1.0,38.1997,42.608932,61.861633,83.79105,63.69266,52.883636,50.874126,46.319874,64.184616,70.94634,50.8292,59.6327,45.63242,28.467777,53.87156,78.409996,49.623844,36.77756,52.49054,34.79366,34.513573,53.63727,72.86345,62.732838,65.00444,48.11305,43.67235,62.822254,32.771217,40.61001,42.236397,60.047977,33.116737,41.008293,70.57882,47.036903,46.424618,44.34322,54.355045,80.65934,51.16254,48.23358,56.442535,31.209118,54.494442,54.847473,73.337616,68.88823,45.328106,78.72291,33.8867,56.44634,75.59748,21.576729
71.28829,30.222311,40.73415,39.22614,42.05352,46.279728,36.5115,54.52709,55.529655,44.714664,58.30722,62.230648,54.670235,68.921646,68.73206,12.212102,54.271233,81.6822,69.8229,40.95246,55.09801,51.12006,-1.0,-1.0,-1.0,-1.0,-1.0,-1.0,-1.0,-1.0,-1.0,-1.0,-1.0,-1.0,-1.0,-1.0,-1.0,-1.0,-1.0,-1.0,-1.0,-1.0,-1.0,-1.0,-1.0,-1.0,38.1997,42.608932,61.861633,83.79105,64.11645,52.883636,50.874126,46.319874,64.184616,70.40171,50.8292,59.183216,45.63242,28.684986,53.87156,78.20527,49.623844,37.097458,52.260025,34.911785,34.472675,52.58339,73.10529,62.690098,64.8802,47.93119,43.853764,63.001587,32.70358,40.61309,42.436443,58.615883,32.61362,40.856052,70.69641,46.821747,46.424618,44.34322,54.355045,80.65934,51.16254,48.23358,56.442535,31.209118,54.494442,54.847473,73.337616,68.88823,45.328106,78.72291,35.682796,55.268494,71.702255,31.318802
69.54423,30.485994,41.168438,41.80048,44.76521,45.82317,36.547,54.759212,55.729218,44.681473,58.30722,62.230648,54.670235,68.921646,68.73206,12.212102,54.271233,81.6822,69.8229,40.95246,55.09801,51.12006,-1.0,-1.0,-1.0,-1.0,-1.0,-1.0,-1.0,-1.0,-1.0,-1.0,-1.0,-1.0,-1.0,-1.0,-1.0,-1.0,-1.0,-1.0,-1.0,-1.0,-1.0,-1.0,-1.0,-1.0,38.1997,42.608932,61.861633,83.79105,63.69266,52.883636,50.874126,46.720963,64.184616,70.68954,50.8292,59.183216,45.62839,28.684986,53.87156,78.409996,49.623844,37.097458,51.752132,35.02991,34.431778,52.754982,73.34713,62.64736,64.755974,47.14149,45.774055,63.180923,32.635944,40.484802,42.636494,60.44535,32.110508,40.70381,70.814,48.32834,46.424618,44.34322,54.355045,80.65934,51.16254,48.23358,56.442535,31.209118,54.494442,54.847473,73.337616,68.88823,45.328106,78.72291,38.77525,54.20172,73.92927,51.02015
67.80016,30.296305,41.602726,44.374825,47.476894,45.366608,36.582497,54.991337,55.928783,44.64828,58.30722,62.230648,54.670235,68.921646,68.73206,12.212102,54.271233,81.6822,69.8229,40.95246,55.09801,51.12006,-1.0,-1.0,-1.0,-1.0,-1.0,-1.0,-1.0,-1.0,-1.0,-1.0,-1.0,-1.0,-1.0,-1.0,-1.0,-1.0,-1.0,-1.0,-1.0,-1.0,-1.0,-1.0,-1.0,-1.0,38.1997,42.608932,61.861633,83.79105,63.69266,52.883636,50.874126,46.319874,64.184616,70.68954,50.8292,59.183216,45.63242,28.684986,53.87156,78.409996,49.623844,37.097458,49.757347,35.148037,34.390877,54.261497,73.58897,62.60462,64.63174,47.567474,44.21659,63.360256,31.983803,40.422195,42.64236,60.644035,31.607393,40.55157,70.931595,46.391438,46.424618,44.34322,54.355045,80.65934,51.16254,48.23358,56.442535,31.209118,54.494442,54.847473,73.337616,68.88823,45.328106,78.72291,43.577084,55.21193,80.79899,64.24858
66.0561,31.013363,41.568207,46.949165,50.18858,44.91005,36.617996,55.22346,56.128345,44.615086,58.30722,62.230648,54.670235,68.921646,68.73206,12.212102,54.271233,81.6822,69.8229,40.95246,55.09801,51.12006,-1.0,-1.0,-1.0,-1.0,-1.0,-1.0,-1.0,-1.0,-1.0,-1.0,-1.0,-1.0,-1.0,-1.0,-1.0,-1.0,-1.0,-1.0,-1.0,-1.0,-1.0,-1.0,-1.0,-1.0,38.1997,42.608932,61.861633,83.79105,63.69266,53.33403,50.874126,46.319874,64.184616,70.68954,50.6515,59.183216,45.63242,28.684986,53.87156,78.409996,49.623844,37.097458,51.568474,35.266163,34.34998,53.098167,73.8308,62.561886,64.5075,47.385616,45.286205,63.539593,32.246883,40.359592,43.036594,60.842724,31.104279,40.933674,71.04919,44.06836,46.424618,44.34322,54.355045,80.65934,51.16254,48.23358,56.442535,31.209118,54.494442,54.847473,73.337616,68.88823,45.328106,78.72291,49.946983,61.056244,85.91964,55.149525
64.312035,31.277048,42.471302,49.523506,52.900265,44.453487,36.653496,55.455585,56.32791,44.581894,58.30722,62.230648,54.670235,68.921646,68.73206,12.212102,54.271233,81.6822,69.8229,40.95246,55.09801,51.12006,-1.0,-1.0,-1.0,-1.0,-1.0,-1.0,-1.0,-1.0,-1.0,-1.0,-1.0,-1.0,-1.0,-1.0,-1.0,-1.0,-1.0,-1.0,-1.0,-1.0,-1.0,-1.0,-1.0,-1.0,38.1997,42.608932,61.861633,83.79105,63.69266,52.883636,50.874126,46.319874,64.184616,70.68954,50.8292,59.183216,45.63242,28.684986,53.87156,78.409996,49.563328,37.097458,51.33796,35.38429,34.309082,53.26976,74.07265,62.519146,64.38326,47.20376,44.57942,63.718925,32.433037,40.296986,43.236645,61.04141,30.601166,39.72404,71.16678,45.96113,46.424618,44.34322,54.355045,80.65934,51.16254,48.23358,56.442535,31.209118,54.494442,54.847473,73.337616,68.88823,45.328106,78.72291,58.017097,70.9861,74.92546,26.053228
62.567966,31.540733,42.90559,48.572285,55.611954,43.99693,36.688995,55.68771,56.527473,44.548702,58.30722,62.230648,54.670235,68.921646,68.73206,12.212102,54.271233,81.6822,69.8229,40.95246,55.09801,51.12006,-1.0,-1.0,-1.0,-1.0,-1.0,-1.0,-1.0,-1.0,-1.0,-1.0,-1.0,-1.0,-1.0,-1.0,-1.0,-1.0,-1.0,-1.0,-1.0,-1.0,-1.0,-1.0,-1.0,-1.0,38.1997,42.608932,61.861633,83.79105,63.69266,52.695904,50.874126,46.319874,64.184616,70.68954,50.8292,59.420998,45.63242,28.684986,53.87156,78.409996,49.623844,37.097458,51.107445,35.502415,34.26818,53.441353,74.31448,62.47641,64.259026,47.0219,44.76083,63.898262,32.365402,40.234383,43.43669,62.37049,30.098051,40.09485,71.28437,45.74597,46.424618,44.34322,54.355045,80.65934,51.16254,48.23358,56.442535,31.209118,54.494442,54.847473,73.337616,68.88823,45.328106,78.72291,70.32841,63.251415,41.897305,20.601748
60.823902,31.804417,43.339878,54.672188,58.32364,43.540367,36.724495,55.919838,56.72704,44.51551,58.30722,62.230648,54.670235,68.921646,68.73206,12.212102,54.271233,81.6822,69.8229,40.95246,55.09801,51.12006,-1.0,-1.0,-1.0,-1.0,-1.0,-1.0,-1.0,-1.0,-1.0,-1.0,-1.0,-1.0,-1.0,-1.0,-1.0,-1.0,-1.0,-1.0,-1.0,-1.0,-1.0,-1.0,-1.0,-1.0,38.1997,42.608932,61.861633,83.79105,63.69266,52.883636,50.874126,46.22522,64.184616,70.68954,50.8292,59.183216,45.63242,28.684986,53.87156,78.409996,49.623844,37.097458,50.876926,35.62054,34.227283,53.612946,74.55632,62.43367,64.28818,46.840042,44.942245,64.0776,32.09103,40.17178,43.63674,61.43878,29.594936,39.942608,71.40196,45.530815,46.424618,44.34322,54.355045,80.65934,51.16254,48.23358,56.442535,31.209118,54.494442,54.847473,73.337616,68.88823,45.328106,85.39258,66.81432,26.867434,41.455944,26.071436
61.78898,32.0681,43.774166,57.24653,61.035324,43.083805,36.75999,56.151962,56.9266,44.482315,58.30722,62.230648,54.670235,68.921646,68.73206,12.212102,54.271233,81.6822,69.8229,40.95246,55.09801,51.12006,-1.0,-1.0,-1.0,-1.0,-1.0,-1.0,-1.0,-1.0,-1.0,-1.0,-1.0,-1.0,-1.0,-1.0,-1.0,-1.0,-1.0,-1.0,-1.0,-1.0,-1.0,-1.0,-1.0,-1.0,38.1997,42.608932,61.861633,83.79105,63.69266,52.883636,50.874126,46.319874,64.67239,70.68954,50.5224,59.183216,45.63242,28.684986,53.87156,78.409996,49.623844,37.097458,49.13524,35.738663,34.186386,53.78454,74.79816,62.390934,64.01055,46.658184,45.123657,64.3846,32.23013,40.109173,43.836792,61.63747,29.091822,39.790367,71.519554,45.315662,46.424618,44.34322,54.355045,80.65934,51.16254,48.23358,56.442535,31.209118,54.494442,54.847473,73.337616,68.88823,45.328106,83.19579,65.22339,29.555286,43.029007,36.272408
57.335773,32.331787,44.208454,59.82087,63.970142,42.627247,36.79549,56.384087,57.126167,44.449123,58.30722,62.230648,54.670235,68.921646,68.73206,12.212102,54.271233,81.6822,69.8229,40.95246,55.09801,51.12006,-1.0,-1.0,-1.0,-1.0,-1.0,-1.0,-1.0,-1.0,-1.0,-1.0,-1.0,-1.0,-1.0,-1.0,-1.0,-1.0,-1.0,-1.0,-1.0,-1.0,-1.0,-1.0,-1.0,-1.0,38.1997,42.608932,61.861633,83.79105,63.69266,52.883636,50.541206,46.319874,64.184616,70.68954,50.8292,59.183216,45.63242,28.684986,53.87156,78.409996,49.623844,37.097458,50.415894,35.85679,34.145485,53.95613,75.03999,62.348194,63.88632,46.476326,45.30507,64.436264,32.162495,40.04657,44.036842,61.836155,28.588707,39.638126,71.637146,45.100506,46.424618,44.34322,54.355045,80.65934,51.16254,48.23358,56.442535,31.209118,54.494442,54.847473,73.337616,68.88823,45.328106,81.255066,63.63246,32.24314,44.60207,53.546783
55.59171,32.59547,44.642742,62.39521,66.4587,42.170685,36.83099,56.61621,57.32573,44.41593,58.30722,62.230648,54.670235,68.921646,68.73206,12.212102,54.271233,81.6822,69.8229,40.95246,55.09801,51.12006,-1.0,-1.0,-1.0,-1.0,-1.0,-1.0,-1.0,-1.0,-1.0,-1.0,-1.0,-1.0,-1.0,-1.0,-1.0,-1.0,-1.0,-1.0,-1.0,-1.0,-1.0,-1.0,-1.0,-1.0,38.1997,42.608932,61.861633,83.79105,63.69266,52.883636,50.753704,46.319874,64.10415,70.68954,51.210186,58.67875,45.63242,28.684986,53.87156,78.409996,49.623844,37.097458,50.18538,35.974915,34.152554,54.127724,75.28184,62.305458,63.76208,46.897396,46.305614,65.55698,32.09486,39.983963,44.236893,62.034843,28.085594,39.485886,71.75474,44.885353,46.424618,44.34322,54.355045,80.65934,51.16254,48.23358,56.442535,31.209118,54.494442,54.847473,73.337616,68.88823,45.328106,78.80223,62.04153,33.242535,46.17513,64.04119
53.847645,32.859154,45.07703,64.96955,69.17039,45.632847,36.86649,56.53225,57.525295,44.382736,58.30722,62.230648,54.670235,68.921646,68.73206,12.212102,54.271233,81.6822,69.8229,40.95246,55.09801,51.12006,-1.0,-1.0,-1.0,-1.0,-1.0,-1.0,-1.0,-1.0,-1.0,-1.0,-1.0,-1.0,-1.0,-1.0,-1.0,-1.0,-1.0,-1.0,-1.0,-1.0,-1.0,-1.0,-1.0,-1.0,38.1997,42.608932,61.861633,83.79105,63.69266,52.883636,50.874126,46.505585,64.184616,70.15212,50.8292,59.183216,45.63242,28.684986,53.87156,78.409996,49.996437,37.097458,49.954865,36.09304,34.06369,54.299316,75.523674,62.262722,63.637844,46.11261,45.667896,64.79494,32.02722,39.92136,42.983418,62.23353,27.58248,39.333645,71.87233,44.670197,46.424618,44.34322,54.355045,80.65934,51.16254,48.23358,56.442535,31.209118,54.494442,54.847473,73.337616,68.88823,45.328106,76.605446,60.4506,37.618847,47.74819,69.37229
52.103577,33.122837,45.51132,67.54389,71.88207,41.257565,36.901985,57.08046,55.949795,44.349545,58.30722,62.230648,54.670235,68.921646,68.73206,12.212102,54.271233,81.6822,69.8229,40.95246,55.09801,51.12006,-1.0,-1.0,-1.0,-1.0,-1.0,-1.0,-1.0,-1.0,-1.0,-1.0,-1.0,-1.0,-1.0,-1.0,-1.0,-1.0,-1.0,-1.0,-1.0,-1.0,-1.0,-1.0,-1.0,-1.0,38.1997,42.608932,61.861633,83.79105,63.157887,52.883636,50.874126,46.319874,64.184616,70.68954,50.8292,59.183216,45.510994,28.684986,53.87156,78.409996,49.623844,37.097458,49.724346,36.211166,34.02279,54.47091,75.76551,62.219982,63.51361,45.93075,45.84931,63.68486,31.959587,39.858757,44.761036,62.432213,27.079365,39.181404,71.98992,44.45504,46.424618,44.34322,54.355045,80.65934,51.16254,48.23358,56.442535,31.209118,54.494442,54.847473,73.337616,68.88823,45.328106,74.40866,58.859665,40.306698,49.321255,74.11387
50.359512,33.386524,46.447853,70.11823,74.59376,40.801003,36.948563,57.312584,57.924423,44.316353,58.30722,62.230648,54.670235,68.921646,68.73206,12.212102,54.271233,81.6822,69.8229,40.95246,55.09801,51.12006,-1.0,-1.0,-1.0,-1.0,-1.0,-1.0,-1.0,-1.0,-1.0,-1.0,-1.0,-1.0,-1.0,-1.0,-1.0,-1.0,-1.0,-1.0,-1.0,-1.0,-1.0,-1.0,-1.0,-1.0,38.1997,42.608932,61.861633,83.79105,63.69266,52.883636,50.874126,46.319874,64.184616,70.68954,50.8292,59.183216,45.63242,28.684986,53.87156,78.930214,49.623844,37.097458,49.49383,36.329292,33.98189,54.206726,76.00735,62.213696,63.389374,45.748894,46.030724,65.1536,31.490597,39.79615,44.83704,61.34939,26.57625,39.029163,72.10751,43.924732,46.424618,44.34322,54.355045,80.65934,51.16254,48.23358,56.442535,31.209118,54.494442,54.847473,73.337616,68.88823,45.328106,72.211876,57.268734,44.377678,50.894318,77.85846
48.615448,33.650208,46.379894,72.69257,77.30544,40.344444,36.972984,57.54471,58.123985,44.28316,58.30722,62.230648,54.670235,68.921646,68.73206,12.212102,54.271233,81.6822,69.8229,40.95246,55.09801,51.12006,-1.0,-1.0,-1.0,-1.0,-1.0,-1.0,-1.0,-1.0,-1.0,-1.0,-1.0,-1.0,-1.0,-1.0,-1.0,-1.0,-1.0,-1.0,-1.0,-1.0,-1.0,-1.0,-1.0,-1.0,38.1997,42.608932,61.861633,83.79105,63.69266,52.883636,50.874126,46.319874,64.03915,70.68954,50.8292,59.183216,45.63242,28.684986,53.87156,78.409996,49.623844,37.097458,49.263313,36.44742,33.940994,54.814095,76.24919,62.134506,63.265137,45.567036,46.21214,64.594246,31.824316,39.733547,45.03709,62.829586,26.073137,38.876923,72.225105,44.02473,46.424618,44.34322,54.355045,80.65934,51.16254,48.23358,56.442535,31.209118,54.494442,54.847473,73.337616,68.88823,45.328106,70.01509,55.677803,45.682404,52.467377,80.342
46.871384,33.91389,46.814182,75.266914,80.01713,43.25191,37.039608,57.776836,58.32355,44.249966,58.30722,62.230648,54.670235,68.921646,68.73206,12.212102,54.271233,81.6822,69.8229,40.95246,55.09801,51.12006,-1.0,-1.0,-1.0,-1.0,-1.0,-1.0,-1.0,-1.0,-1.0,-1.0,-1.0,-1.0,-1.0,-1.0,-1.0,-1.0,-1.0,-1.0,-1.0,-1.0,-1.0,-1.0,-1.0,-1.0,38.1997,42.608932,61.861633,83.79105,63.69266,52.883636,50.874126,46.319874,64.184616,70.68954,50.8292,59.472946,45.63242,28.684986,53.87156,78.409996,49.623844,37.097458,49.0328,36.565544,33.900093,54.985687,76.49103,61.681538,63.140903,45.385178,46.39355,65.512276,31.756681,39.67094,45.23714,63.028275,25.570023,38.72468,72.3427,43.809578,46.424618,44.34322,54.355045,80.65934,51.16254,48.23358,56.442535,31.209118,54.494442,54.847473,73.337616,68.88823,45.328106,67.81831,54.086872,48.370255,54.04044,79.044716
45.12732,34.177574,47.24847,77.841255,82.72881,39.431324,36.858574,58.00896,58.523113,44.00264,58.30722,62.230648,54.670235,68.921646,68.73206,12.212102,54.271233,81.6822,69.8229,40.95246,55.09801,51.12006,-1.0,-1.0,-1.0,-1.0,-1.0,-1.0,-1.0,-1.0,-1.0,-1.0,-1.0,-1.0,-1.0,-1.0,-1.0,-1.0,-1.0,-1.0,-1.0,-1.0,-1.0,-1.0,-1.0,-1.0,38.1997,42.608932,61.861633,83.79105,63.69266,52.883636,50.874126,46.319874,64.184616,70.68954,50.8292,59.183216,45.63242,28.684986,53.87156,78.409996,49.594086,37.097458,48.80228,36.683666,33.859196,55.15728,76.732864,61.63466,63.016666,45.20332,46.574966,65.691605,31.689045,39.05819,45.43719,63.22696,25.066908,38.57244,72.46029,43.59442,46.424618,44.34322,54.355045,80.65934,51.16254,48.23358,56.442535,31.209118,54.494442,54.847473,73.337616,68.88823,45.328106,65.62153,52.49594,51.05811,55.613503,77.05229
46.56069,34.476273,43.24953,80.661156,58.026577,12.036929,37.07948,58.241085,58.72268,44.183582,58.30722,62.230648,54.670235,68.921646,68.73206,12.212102,54.271233,81.6822,69.8229,40.95246,55.09801,51.12006,-1.0,-1.0,-1.0,-1.0,-1.0,-1.0,-1.0,-1.0,-1.0,-1.0,-1.0,-1.0,-1.0,-1.0,-1.0,-1.0,-1.0,-1.0,-1.0,-1.0,-1.0,-1.0,-1.0,-1.0,38.1997,42.608932,61.861633,83.79105,63.69266,52.883636,50.874126,46.319874,64.184616,70.68954,53.346676,59.183216,45.63242,28.684986,53.87156,78.409996,49.623844,37.097458,48.571766,36.801792,33.8183,55.328873,76.9747,62.006294,62.89243,45.02146,46.75638,65.87094,31.62141,39.545734,45.637238,63.425648,24.563793,38.4202,72.57788,43.379265,46.424618,44.34322,54.355045,80.65934,51.16254,48.23358,56.442535,31.209118,54.494442,54.847473,73.337616,68.88823,45.328106,63.424744,50.90501,53.74596,57.18656,76.467064
35.443184,38.892506,39.363636,80.41263,30.389648,18.978575,37.11498,59.87744,58.92224,44.15039,58.30722,62.230648,54.670235,68.921646,68.73206,12.212102,54.271233,81.6822,69.8229,40.95246,55.09801,51.12006,-1.0,-1.0,-1.0,-1.0,-1.0,-1.0,-1.0,-1.0,-1.0,-1.0,-1.0,-1.0,-1.0,-1.0,-1.0,-1.0,-1.0,-1.0,-1.0,-1.0,-1.0,-1.0,-1.0,-1.0,38.1997,42.608932,61.861633,83.79105,63.69266,52.883636,50.874126,46.319874,64.184616,70.68954,51.560863,52.57058,38.739456,34.069057,43.76281,81.51714,40.64537,39.436337,51.992554,39.708385,35.988667,55.500465,77.216545,61.963554,62.768192,44.839603,46.93779,66.05028,32.131245,39.483128,43.963722,63.14819,24.060678,38.428135,72.69547,43.164112,46.424618,44.34322,54.355045,80.65934,51.16254,48.23358,56.442535,31.209118,54.494442,54.847473,73.337616,68.88823,45.328106,61.22796,49.31408,56.433815,58.759624,73.24906
25.972294,49.629368,46.24125,80.1468,24.506054,47.281284,31.91014,58.705334,59.121807,44.117195,58.30722,62.230648,54.670235,68.921646,68.73206,12.212102,54.271233,81.6822,69.8229,40.95246,55.09801,51.12006,-1.0,-1.0,-1.0,-1.0,-1.0,-1.0,-1.0,-1.0,-1.0,-1.0,-1.0,-1.0,-1.0,-1.0,-1.0,-1.0,-1.0,-1.0,-1.0,-1.0,-1.0,-1.0,-1.0,-1.0,38.1997,42.608932,61.861633,83.79105,49.883495,43.043785,50.93315,53.841625,69.1598,70.10934,41.988,51.538055,39.6156,38.261063,40.29436,80.67205,43.89082,43.67325,54.508797,42.681873,40.761383,55.67206,77.45838,61.92082,62.64396,44.657745,47.119205,66.229614,31.48614,39.420525,46.03734,63.823017,23.557566,38.11572,72.813065,42.948956,46.424618,44.34322,54.355045,80.65934,51.16254,48.23358,56.442535,31.209118,54.494442,54.847473,73.337616,68.88823,45.328106,59.031174,47.723145,59.121666,69.15208,54.87334
