-2.251380347444412955e+00,-5.818658362151389873e+00,1.822264400549580277e-01,5.251413194394380035e+00,-2.147655469050046229e+00,-7.249599152718341211e-01,4.934804895076742248e+00,1.182074873953201077e+01,-5.522940680441139616e-01,3.054209490634264945e+00,-9.710036314463710294e-01,9.318420825447008005e-01,1.973288289578496224e+00,6.696212145642363112e+00,5.486334695422291574e+00,-1.928595102104194714e+00,5.845228164891732803e+00,9.320573035049450894e+00,4.824483987975377808e+00,3.088937929159852214e+00,-2.555674148034057680e+00,3.696120798859844570e+00,5.469323428444029744e+00,4.124133935492398706e+00,-2.618574631576353173e+00,-3.023853912266511568e+00,-4.762424476192162359e+00,8.294007435105394066e+00,1.193084966058563179e+00,-1.109222608129862486e+01,-2.456717686230351083e-01,5.880093772634589655e+00,4.984415706140977065e+00,2.871506680952368384e+00,4.921161189598788788e+00,6.461880609366662753e+00,9.388375602724131908e-02,-3.449154969300822327e+00,8.767368152032763984e-01,1.324568267444133696e+01,1.421779452886384965e+00,-5.417418988135692004e+00,1.903171656983237536e+00,4.580070205105756465e+00,5.715211175746386374e+00,9.038061006042132917e+00,8.218878440902534166e+00,-3.198349128298116018e+00,-1.292200450734065864e+00,6.186347081906930612e+00
-2.795899260805331465e+00,-2.115369600208520051e+00,-2.010106096194235192e+00,5.470663459057431233e+00,-2.517312006744776287e-01,5.476293065176921493e-01,5.236094002819762672e+00,1.148756618018253661e+01,-8.968710403632159656e-01,4.697795113477198470e+00,1.029802819683895754e+00,1.704024138686833334e+00,3.759324404757837357e+00,7.653530889412414773e+00,2.819476838798540719e+00,-1.436502387889373455e+00,5.062291916226763888e+00,1.170860389646286137e+01,8.742407492316311979e-01,1.161608220560625404e-02,-1.474182017757493579e+00,3.344540949455149015e+00,7.346336560134095528e+00,4.452242066907800000e-01,-2.994303156584413816e+00,4.296540693439569458e-01,-4.265640905265257743e+00,8.190242707562907398e+00,-2.177570914548246250e+00,-8.459071229242590917e+00,-4.530414385433673807e+00,2.488041636029663106e+00,7.840124856747993753e+00,3.604929938588295357e+00,5.132449137992310284e+00,4.706584493583151563e+00,-3.067298641671619919e+00,-1.031560188325692407e+00,-1.542001118361382206e+00,1.305666285390083559e+01,-2.603426158440283356e+00,-2.333861639451211278e+00,4.124279700037861152e-02,6.260537901940207206e+00,1.023411130524541335e+01,6.642376181621497899e+00,-2.299061377067030065e+00,-4.841054248273962024e+00,-1.948052367390981754e+00,5.910667346560254387e+00
-3.503727350631548054e-01,1.847205177163990242e-01,-1.552961946053912135e+00,5.594611791939804846e+00,2.084990929651326930e+00,1.369238320140398146e+00,6.633117641118628782e+00,1.048195993759770417e+01,-6.679049438049675658e-01,5.922743362899774766e+00,3.223598595070773953e+00,2.443729761276931089e+00,5.603800647850909478e+00,7.405843386942736473e+00,-5.155423684297509856e-01,-3.754804216651080884e-01,4.803420374666564463e+00,1.141540224103371237e+01,-2.558837452357308972e+00,2.717499753199354107e+00,2.104947526670425118e-01,3.482661301088859407e+00,7.304100920727871760e+00,-2.707940066835627491e+00,-1.063132956571519294e+00,1.912136906214660481e+00,-1.567444952872846464e+00,9.555423500857187946e+00,-3.162713169938568214e+00,-3.124107974990683712e+00,-4.521492262686903629e+00,-2.786723329434105167e+00,7.390557378566563251e+00,7.827416983732020661e+00,2.627690765410506391e+00,1.737265813060814512e+00,-3.191390615482962101e+00,1.010045863026999946e+00,-1.103839877871467257e-01,1.283785946648678156e+01,-3.174452451847545875e-01,7.233579959907681101e-01,5.749990405782404723e-01,6.795766464388569794e+00,1.094809508541377241e+01,-4.333456605451857513e+00,-3.032580140463236429e+00,-1.990891746726450418e+00,-3.597481785162478740e+00,6.221901278943935409e+00
2.927082500304184709e+00,3.856186300516373788e-01,-2.877810557794277524e-01,5.650403543500980952e+00,4.299303513968416368e+00,2.594267594287214873e+00,8.098312946790043654e+00,8.499640031267411189e+00,-8.275861939034705461e-01,6.340794204741508011e+00,6.049319103001164599e+00,3.182147414726980372e+00,5.955297277030387804e+00,4.703310418026972251e+00,-3.191442390906889415e+00,6.001580487078160830e-01,5.280717752353552896e+00,1.002280979191154486e+01,-2.181535305512589673e+00,5.452755443020994797e+00,3.830366713042911542e+00,4.609043198411393760e+00,5.728779529569081319e+00,-3.868809256500394866e+00,1.114573994084914199e+00,2.662289286441567704e+00,1.450929212422175540e+00,9.735472924963540109e+00,-2.178520994349240070e+00,1.868320273312274349e+00,-3.123045537506953906e+00,-3.637029329894844842e+00,3.018075541391172401e+00,1.036779469311626833e+01,-2.457912868229752967e-01,1.403763648281129983e+00,-1.610164674834529075e+00,1.928362805674843861e+00,3.190591892663256157e+00,1.229600069266196627e+01,6.130319087065108086e-01,1.515790452127336430e+00,2.367989051971197245e+00,7.870065249294543541e+00,4.848696209316210926e+00,-8.092341340803763217e+00,4.202011045835019942e+00,3.488086702948145490e-03,-3.030695175713961742e+00,5.689515808143482012e+00
4.634270232439337889e+00,-8.242094694062757076e-01,6.681180298935440742e-01,6.440096945719265165e+00,6.757789197985539786e+00,4.820666526276472297e+00,8.435632345009194566e+00,4.963537956169533416e+00,-7.918448482285214141e-01,6.797355296884677323e+00,8.987816882524459317e+00,3.222704984282285245e+00,5.280239581349907674e+00,1.607709146267844114e+00,-3.222958012777477954e+00,4.982928981912582711e-01,6.561748801013751908e+00,8.955474257940727156e+00,-8.212308829700423196e-01,6.403839201864671260e+00,7.801457578364917822e+00,3.537488981652423981e+00,1.829691146819542258e+00,-3.664144079223385031e+00,2.371822219290325329e+00,4.871230616234952571e+00,4.499572929841719748e+00,8.282752164561694386e+00,-8.902859048742169934e-01,4.167105136863129999e+00,-2.232256726172528349e+00,-2.091882984696424419e+00,-3.614996492949158480e-01,1.058757025565690135e+01,1.661311467188375524e+00,1.548304488645579235e+00,-2.141878302184015981e-01,2.541429415168917849e+00,6.684803074933788558e+00,1.077486896339830835e+01,-2.109002379844636899e+00,2.857027735797290191e+00,4.600651905868479830e+00,7.401148226499283389e+00,-2.812109275817871179e+00,-6.491031797627995203e+00,4.395286273283962153e+00,3.462352900368736552e+00,-1.558770783486383982e+00,5.716079432323627252e+00
4.593760118124041725e+00,-1.951811084106934491e+00,1.322576849120075337e+00,7.854083540643520323e+00,1.015732397202919124e+01,5.323092655916540572e+00,5.695092282837764586e+00,1.053608894929837891e+00,-2.434272531021366981e-01,6.696006690468407463e+00,1.103349911104668557e+01,1.425096373336204980e+00,3.499589042418314477e+00,6.319997734898655239e-02,-2.234767703875344846e+00,-3.450696626654566890e-01,7.098747667813042561e+00,8.369653142650506084e+00,-3.503956346654371057e-01,6.815266328555503961e+00,9.451766025398141480e+00,-3.779875179553192632e-01,1.039133788835925776e+00,-2.099685683741305819e+00,1.814663548320585962e+00,7.181879328293384823e+00,7.470460710063057341e+00,4.124685009565761895e+00,-5.403840909857031694e-01,5.437985711092301777e+00,-1.278432097904624865e+00,-5.274141432598683510e-02,-2.053337886354535402e-01,1.062705721931401648e+01,3.710538788821087675e+00,-5.474092712484694701e-02,6.779379475849338643e-01,3.387130894422304195e+00,9.203815158708907873e+00,5.689807506184234143e+00,-4.479750330605091868e+00,3.922220259769535478e+00,8.090331170100709457e+00,1.834648653415439590e+00,-7.324186720181431021e+00,-3.390093885096551407e+00,4.304872004232800364e-01,5.061001100616937975e+00,9.506915814252044905e-01,5.896851974320727940e+00
2.173586742908056202e+00,-2.575575158689398236e+00,1.043862320894949791e+00,9.291192880706176993e+00,1.184911040849858921e+01,5.310580590379201382e-01,2.635613662481946839e+00,7.209716828405146050e-01,1.179743102640217201e+00,7.397706509518976681e+00,1.053221243697148424e+01,-1.458910090738158472e+00,4.001830323215250118e+00,5.167222332533027984e-01,-1.159543749840454163e+00,-3.880695818549584342e-01,7.244252212453462292e+00,9.070107004828285469e+00,6.755377954202437252e-01,7.029836033129056361e+00,7.455017747629731240e+00,-3.750163981034524419e+00,3.871944225932030914e+00,-3.008422731563313232e-02,1.889584692861192572e+00,8.621750570866037577e+00,7.171760474629425453e+00,-1.513395368727440626e+00,2.322169582685125189e-01,5.987792493822798434e+00,4.642746035214042610e-01,1.119433002498736451e+00,1.552839559351528731e+00,1.062974978785609004e+01,2.255628794229980638e+00,-2.179754774503791293e+00,1.516193763112346549e+00,5.244926750829415951e+00,9.504098965640961794e+00,-2.162773471072545473e+00,-3.883809835271430977e+00,1.318606201783267151e+00,9.232436327226134054e+00,-4.953118070007661800e+00,-3.278266464131774249e+00,-2.762990854450502631e+00,-1.816815026268043809e+00,4.612832957807841971e+00,5.057038274671723066e+00,5.910450804348921672e+00
-1.213566620239972860e+00,-1.181992635889778986e+00,1.003566690413872087e-01,1.017929090206342480e+01,8.591136704474545027e+00,-4.879450303194752259e+00,5.228122974321986582e+00,3.495249378109059446e+00,2.658593955366785444e+00,8.965637394014310146e+00,7.305304000605148396e+00,-2.975638419799942369e+00,6.339516779936999136e+00,2.335585466301827395e+00,-7.582588652549836494e-01,1.349237059741960898e-01,7.027987107436278968e+00,9.957762990185607066e+00,1.530138846363126470e+00,7.095658516106674085e+00,4.795548492250164330e+00,-3.232345220559787347e+00,5.874428410089853614e+00,3.813360658102458611e+00,3.458959228442375355e+00,9.710663828193688119e+00,2.022115200248278288e+00,-4.731914260250410287e+00,5.674256818358662802e-01,6.540931997186724800e+00,1.942089950062834580e+00,1.662625972184845979e+00,3.628638750218027731e+00,1.023308263097451132e+01,-1.521433277547057594e+00,-1.510400215923116907e+00,1.171548915419212911e+00,6.989468496714376755e+00,5.529157630483310548e+00,-6.848548172031370562e+00,8.137908256710535415e-01,6.488833186684100918e-02,9.386289545133372769e+00,-3.413651045306391296e+00,3.320571737311418303e+00,-1.387547008404187654e+00,-1.606281695140459709e+00,3.414793905866107426e+00,8.306867337475857482e+00,3.588632961356604589e+00
-1.799205613844469198e+00,-1.157765860045719825e-01,1.581907898912303378e-01,9.993036034050552630e+00,3.464782820480864611e+00,-6.008159887997573279e+00,5.603787912340385091e+00,9.507475311531937479e+00,5.001635355655175807e+00,8.305369244777811133e+00,1.838211986351055982e+00,-2.848340623617701350e+00,7.043543814967103245e+00,4.048148383848191756e+00,-1.644844176829765470e+00,3.188960675313416981e-01,7.896314387892489073e+00,1.090414610340796919e+01,1.442944453299627172e+00,6.072891506326159927e+00,2.409420865387353672e+00,-2.449885403548641261e+00,5.674837059564826092e+00,8.585677521237824905e+00,5.460399517102414002e+00,6.322749925860573050e+00,-3.953662827125195012e+00,-2.401345328747336083e+00,-1.313900830220608773e+00,6.501473841588813585e+00,4.262164302814605676e+00,1.927320369729542682e+00,5.287859486827492184e+00,8.011027160664637492e+00,-4.135552510656031799e+00,1.968602800731993785e+00,2.276341084180890206e+00,7.391608194274198240e+00,-5.518741087191931377e-02,-6.843802377946354376e+00,2.197536540056097110e+00,4.205229137153535746e+00,8.712133738103103653e+00,9.494537595395678709e-02,5.278812332588146639e+00,-4.107933978441796752e-01,-3.531518406803672572e-01,3.167665721857562122e+00,9.569410000339239275e+00,-3.477527020545438385e-01
8.347883100033509640e-01,9.427927858808655692e-01,1.417422034579883361e+00,1.006080315340267539e+01,-1.823869811724013301e+00,-4.569674624679260333e+00,1.879105007877541755e-01,1.299464417467078192e+01,7.548462532773164035e+00,8.298393768912787349e-01,-1.363486208448613013e+00,-1.669276556659303301e+00,6.578993520193933797e+00,4.339628684433631811e+00,-3.284063841677501649e+00,4.010928985455633478e-01,8.837960821925214816e+00,1.081361157106323390e+01,-7.560330148582347642e-02,5.833519998247253646e+00,1.757246648062416927e+00,-1.238171623704847235e+00,4.616717723065093537e+00,1.201437308790986158e+01,3.227448793591905840e+00,-2.250344750517732084e-01,-4.169011390253911209e+00,5.123637133943329536e-01,-8.920785386337433120e-01,6.314940636914839978e+00,6.876986357813839490e+00,2.182652717356394323e+00,5.780714988504819019e+00,4.638093220945943784e+00,-4.682444422777811255e+00,3.626652724526598703e+00,6.378838547085106114e+00,5.239997727715498321e+00,-5.029767346690933394e+00,-3.453380221214068513e+00,-9.622983889111652589e-01,5.561038216012712532e+00,8.977433824132143414e+00,1.026548571373272933e+00,5.126095518982872079e+00,2.623527928564148293e-01,5.045630964777190197e-01,3.897816287228677457e+00,8.789481198246134497e+00,-2.887537208645145181e+00
3.733628121037555037e+00,2.988144171958508899e+00,3.138050665504396264e+00,8.580291270978662510e+00,-5.023083883429264596e+00,8.999634849767957911e-01,-1.843879075961969871e+00,1.138122538173334597e+01,5.607701373406547951e+00,-6.485056761057649055e+00,2.229877062869631388e+00,-1.367916569277946581e-01,6.311245085584345382e+00,3.433148615724566088e+00,-4.416468857701342898e+00,-4.114212407075951705e-01,8.932764674803765459e+00,9.856616227944680730e+00,-1.868921570626128403e+00,7.127953075587099896e+00,2.704169913741101716e+00,-6.812794629732887852e-01,4.327825496336912714e+00,1.239611349307842936e+01,-2.340415695131958795e+00,3.140827971842191646e-02,-2.860634023552595107e+00,1.162903626431070592e+00,1.140579245511821993e+00,6.623234171033037576e+00,8.514375639917933114e+00,2.572592661018620941e+00,5.234320704772452260e+00,1.649326172088687592e+00,-3.742248206263560029e+00,2.370763351252572093e+00,8.756098798412621065e+00,-1.109336167584520139e+00,-5.498698703410642707e+00,-1.279338444212747561e-01,-1.564968072941699040e+00,4.109842460889050919e+00,1.021728452344893512e+01,1.633229196295390206e+00,4.608305809594742897e+00,1.153269250574445071e+00,1.407879683452940789e+00,5.232515204232258910e+00,7.263663637032736098e+00,-3.494531500178535754e+00
4.315067144873967919e+00,6.719790019354362265e+00,5.213769390069205478e+00,4.743403171023244269e+00,-4.436141545788028218e+00,4.695159741460967595e+00,4.048390418271944569e+00,1.068338544017939284e+01,-2.273350531752880155e+00,-6.631214462622237349e+00,3.032751525111128554e+00,4.894225450408821843e+00,6.099667159898609192e+00,-2.005066527821759426e-01,-4.327755194935106076e+00,-2.117206527005422334e+00,7.369414423722052021e+00,9.791906914311800492e+00,-1.003962730264678305e+00,8.405583526741409628e+00,4.298287386302917845e+00,-8.304159586455146513e-01,4.275391960918104139e+00,1.100918320532858630e+01,-3.118417600740645668e+00,5.267820383279601337e+00,-3.450758992367792266e-01,2.101720129738319010e+00,3.285705598014577067e+00,8.367117550509920676e+00,8.367366683324489074e+00,1.024778476138198169e+00,4.053243959791029027e+00,1.587580701391864413e-01,-2.738677026075594156e+00,7.443974784061817562e-01,8.815682886756819769e+00,-4.372028324160202928e+00,-1.354292835568608799e+00,-3.610687786922722742e-03,-4.233126614193130077e-01,3.831331104163973045e+00,1.152939613984458056e+01,2.552821243522853223e+00,3.125521665167338536e+00,1.889016868946174377e+00,2.716325756668929170e+00,6.368956204460700654e+00,4.441783074813301369e+00,-2.816578929182812718e+00
3.564378388666369357e+00,1.011405470108942239e+01,3.766183875069416764e+00,-2.107074577828766948e-01,-3.079472975775841892e+00,3.311379882861511081e+00,9.389800152206246864e+00,2.933846492480652657e+00,-8.933660463263871421e+00,-1.048261316165364665e+00,-7.046596053931380998e-01,6.366918306758901913e+00,4.815938821754074617e+00,-3.868092172677827900e+00,-8.326480625193416474e-01,-3.212819892036930192e+00,3.811194960926334918e+00,1.132286675441299906e+01,2.523070640996481373e+00,8.063637070828253428e+00,3.645853633606878752e+00,-1.435119518236756875e+00,4.328187470996321728e+00,1.077377297220417773e+01,4.419616082030618509e-01,6.788863025510922355e+00,3.059662175716469257e+00,2.595502630424797896e+00,5.741461908362818889e+00,1.013518285344813030e+01,3.991824752409878663e+00,-1.375735619761315531e+00,4.764172773540047423e+00,4.120323120408540540e-01,-1.493595421682756053e+00,-3.870045766086843697e-01,8.868323002284130396e+00,-2.586182265277232606e+00,2.636940212309331955e+00,1.328871791997368268e+00,9.643674306199132573e-01,4.657086169944306242e+00,1.199969041495241484e+01,1.147292610381417166e+00,2.115821602784453859e+00,2.765898140366216396e+00,4.170559964046697488e+00,6.831384636165538815e+00,1.106534921528509630e+00,-2.546007289295032283e+00
2.463762424376377602e+00,1.098769190639103854e+01,-3.124878096591193755e-02,-1.411071766367148594e+00,-1.886454148598883718e+00,1.524485306516528471e+00,9.760780405563728834e+00,-5.736605400538140387e+00,-5.293355848350453030e+00,-8.093142487894284809e-01,-3.806153017896629631e-01,6.426094737240085841e+00,3.066197884516308925e+00,-4.504858337956766157e+00,2.668056515942068607e+00,-1.253109077528041793e+00,1.767729645345792688e+00,1.297054857013815621e+01,7.319872448346028904e+00,2.758736623411905065e+00,6.762200646914235946e-01,-7.294051024389237581e-01,3.921698263814323848e+00,1.198515498758063913e+01,3.850393895286519097e+00,5.607853175577298899e+00,3.933738989632938665e+00,3.559834428102052861e+00,7.924111856457171754e+00,8.559011148627796217e+00,-2.812464731832048148e+00,-5.878900618159565994e-01,5.223602964639289858e+00,1.392768923700652639e+00,-9.735459875305642052e-01,-1.830345983021126055e-01,8.906979316935819568e+00,1.754147969699549892e+00,3.555138656917094409e+00,2.700742841507725256e+00,2.177662087508847044e+00,6.627102818488694425e+00,1.088433246435840474e+01,-1.746771878216124785e+00,2.996554058459814929e+00,4.858117036346500051e+00,6.121441009115667242e+00,5.007449326704210613e+00,-1.936683545963409081e+00,-9.291982233653317547e-01
2.673486701615420014e+00,1.085586658572122865e+01,-1.837322590819520984e+00,9.413809776671733243e-01,-9.229150650325398386e-01,1.055985266330486061e+00,8.903885232325693622e+00,-6.232099381031581231e+00,2.761429018879265840e+00,-4.865998875261128287e-01,-1.192129808520578649e-01,6.589289135315433477e+00,8.851616443262221301e-01,-3.822950915092222512e+00,4.085357752708453916e+00,1.776998298041088997e+00,2.872163576693846476e+00,1.388932516079073309e+01,3.331059418703072872e+00,-4.180007513094217586e+00,1.723893909609431008e+00,9.656324542451193427e-01,4.273759750050884598e+00,1.342324695685139346e+01,4.663129512191630965e+00,2.182431852366272018e+00,4.449412022787895715e+00,6.108539927086453325e+00,8.243525904298273588e+00,8.637519871530950910e-01,-5.608994985193026750e+00,4.936864752983212423e-02,5.542959280710535452e+00,1.650461911704965701e+00,-8.296434923478527290e-01,3.720197910039021449e-01,9.016308656484834927e+00,5.008228318022967862e+00,2.101952554384260097e+00,3.381846777911198476e+00,4.518582252413715139e+00,8.687594088671037440e+00,6.377614940967653467e+00,-3.673681980335398833e+00,4.125034188373855493e+00,8.552024054329919522e+00,5.651552588530138976e+00,1.686319114046722634e-01,-2.488721376287648113e+00,-8.122655847870854928e-02
3.585011482184416121e+00,9.987187969764779183e+00,-1.333852350059273162e+00,3.887067662582332161e+00,9.278439378520915159e-01,1.725464379143391902e+00,8.654366712839681952e+00,-1.370235424353815956e+00,6.370997223223280770e+00,2.753404427707933699e+00,1.060507183011377919e+00,6.939238616796398418e+00,-6.200009901330079121e-01,-2.401814425821978460e+00,3.663959851147625901e+00,5.360498066112291404e+00,6.586034425013042259e+00,1.088699094894482577e+01,-5.779807245506956903e+00,-1.218926076820649129e+00,1.643176730322192247e+00,3.592033383912271116e+00,7.467085111236407613e+00,1.300780641228233492e+01,-7.117594215783683564e-01,1.144227748126397604e+00,5.672917264354420119e+00,8.657315593234415019e+00,2.709840881698552195e+00,-5.097288000440340028e+00,-2.438015455045017266e+00,-2.291150914200993149e+00,5.436471706952326066e+00,2.937071681441079107e+00,-8.171785745151682878e-01,6.398202548218449026e-01,9.512781318785913598e+00,5.946735053598001031e+00,-2.064330228202783668e-01,3.877786545163376619e+00,7.479559178467560798e+00,7.887446375971023826e+00,-1.342501471662822965e+00,-3.637226553556244468e+00,1.745435180611647263e+00,1.101132569060982469e+01,1.112371813998312531e+00,-2.988006561522648319e+00,-6.933673826340576163e-01,3.545669405493417359e-01
4.723443946000842608e+00,9.600638053029912911e+00,1.423185814480689149e-01,5.030361078470832581e+00,3.370317609659463809e+00,3.418012427669260056e+00,8.491840366737108070e+00,2.932679988340772148e+00,6.410814893985462781e+00,3.873018526219808244e+00,1.956974801776259376e+00,6.563481107440548357e+00,-1.574992301637520908e+00,-8.494760422766545194e-01,2.834113317676070665e+00,8.810971173342787566e+00,8.195352768113480124e+00,-9.163797886249930302e-01,-8.074071493200325023e+00,1.641854110264642230e+00,3.914382688496849116e+00,6.179598813258080803e+00,1.074631780342309995e+01,4.938070441927284726e+00,-6.417502948912567007e+00,2.581149252305316555e+00,8.498115364893816803e+00,6.453263091924297257e+00,-5.093521177863390648e+00,-2.282767798597423958e+00,-8.326770290493792359e-01,-2.110178556972460040e+00,4.787174558263669333e+00,4.221144569745488795e+00,-1.109809897969456394e+00,9.874670892429504576e-01,1.000609296922426594e+01,4.322749037184653531e+00,-2.178725960620634172e+00,4.130670209008084015e+00,1.000092885520816033e+01,7.291447814134504046e-01,-5.548692067405726291e+00,-6.706688061009866697e-01,-7.470050162602207555e-01,1.113472061679410885e+01,-5.223767913358124959e-01,-1.431039655272775768e+00,1.758484470970868574e-01,9.999497271838624357e-01
6.529659746985317703e+00,9.114513072321880571e+00,5.488643381616780115e-01,5.001544559039702520e+00,5.619758513666318400e+00,5.537203685939114273e+00,8.285035292144733887e+00,4.582689331949504563e+00,5.201402848048334526e+00,3.531010979550099904e+00,2.868673813246474413e+00,5.595198559019784135e+00,-2.025817942757448087e+00,6.381258781219096843e-01,3.594091480427954455e+00,1.036216862914746706e+01,5.521595869997368844e-01,-7.247679853553832707e+00,-3.796792341146856486e+00,-2.787029566492496890e+00,3.557432071624300640e+00,1.046828694887032896e+01,5.396424476830167904e+00,-6.430599596250434757e+00,-3.712931209196326243e+00,-2.432730857833548477e+00,8.969677021354476310e+00,8.183615394187696568e-01,-6.600162886645184024e+00,7.408701750664822283e-01,-6.832249561951053707e-04,-1.246684596846094895e+00,4.202579553282305369e+00,5.067771687905419320e+00,-1.483011538070572399e+00,1.199170801741894721e+00,1.051097020194827891e+01,1.222335651668380763e+00,-2.774659232392125308e+00,2.746413752283927590e+00,1.014580923751510610e+01,-5.309357622109618369e+00,-1.324414597240939129e+00,-3.364183650383043567e-01,-2.203669388943625684e-01,1.107982310743145682e+01,1.324570407909312630e-01,-5.325425095259005148e-02,1.041895075211465294e+00,2.157702120458645290e+00
8.754085235875654902e+00,7.172783148092072736e+00,-3.878431178249084899e-01,5.533871292609809700e+00,9.424703621789388919e+00,7.780618380942768475e+00,6.253698320206845906e+00,3.533031631669950823e+00,3.800961160337485545e+00,3.752983102968359574e+00,3.800637497857255909e+00,4.210324680021329868e+00,-1.797166854950343451e+00,1.558874312620745384e+00,5.437363780498165156e+00,7.970015348449270398e+00,-7.144303428942603063e+00,-9.768359148799103941e-01,-2.465056237322206023e+00,-3.255132364684409474e+00,-2.454745368178661846e-01,1.123685168695515202e+01,-3.464762988247218622e+00,-5.796795637283835845e+00,1.776225135890575346e-01,-2.840394297072489138e+00,8.995605797787456837e+00,-7.160435607011498282e-01,-4.882430937368007484e+00,1.142274668421330741e+00,1.800184377296892180e+00,1.322812270327411444e-01,4.422007911933770963e+00,4.890895302142673984e+00,-2.136315957156449841e+00,1.019925746230760488e+00,1.056727745248141304e+01,-1.325365722204778995e+00,-1.385437237690544166e+00,1.357399878649760527e+00,9.481606115751837649e+00,-3.733940708888401794e+00,4.507318862324166453e+00,1.739553420634106562e+00,1.116584005836252391e+00,1.073412033789964859e+01,1.011931626006320917e+00,1.070812689946588347e-01,1.745113770888524263e+00,3.904428757389585947e+00
1.001491025651135125e+01,1.975710460070088548e+00,-1.095129553333741734e+00,5.387557472988881990e+00,1.366353109759135265e+01,5.476451016441842512e+00,8.355932948083037992e-01,2.892313969675122554e+00,4.452249017973290535e+00,4.742246071118016104e+00,4.037841935013721795e+00,2.602982745549997201e+00,-1.402718897776921603e+00,2.103021626852330961e+00,6.989875131111540796e+00,2.543361463554618673e+00,-7.608795994283566344e+00,5.018665545960686813e+00,5.075586339937785546e-02,-1.722176666836285008e+00,-2.464985141061555307e+00,1.147832823776645483e+01,-3.181514635714075112e+00,7.360385965201336755e-02,6.226385896727919533e-01,-1.139896239039636994e+00,9.298078671892643143e+00,-1.179901128411854572e+00,-2.617960670947227619e+00,7.089800476522940542e-01,3.075087694287166329e+00,1.962975331427359471e+00,5.225549823222230827e+00,3.807548961343873994e+00,-2.700780692841255881e+00,3.053457915609066875e-01,1.059924460362103105e+01,-1.136219510426217383e+00,1.035748496170030286e+00,2.129454386058583282e+00,9.424597306351291337e+00,1.017060662477309974e+00,5.736019751942952105e+00,4.166131975140516808e+00,3.366255511361319730e+00,1.036327481645367676e+01,6.163233897957100249e-02,7.286334871328454810e-01,2.891565100681400491e+00,6.526087830131432455e+00
5.956496419663642072e+00,-4.066815257136001449e+00,2.317490750711371228e-01,4.876917446882626628e+00,1.438007336835244132e+01,-1.829327769805193515e+00,-4.988966523873782366e-01,3.160519563113894037e+00,6.807383247022809947e+00,5.470312088988288579e+00,2.535906361559496336e+00,1.179244000129184178e+00,-4.801037599562688052e-01,2.165005701554397977e+00,7.413692396318538158e+00,-3.462208645645785232e+00,-5.763200640368603800e+00,3.950579766484852318e+00,3.318686551339413704e+00,-1.822009636097174923e+00,-2.535400161215075610e+00,1.118722625357397149e+01,2.297247175997485513e+00,1.608810639696856670e+00,1.458458967783275995e+00,6.881120219251545267e-01,9.289208531080566544e+00,-1.244830262149509092e+00,-4.006940474259604867e-01,8.337682387744411727e-01,3.874992152298922132e+00,4.312951112246492080e+00,5.466239637479612945e+00,1.323649050143964834e+00,-2.756434299362148455e+00,-7.856705258113205748e-01,1.057282589269657258e+01,1.581595654306752197e+00,1.809074134045684401e+00,4.086797547095405214e+00,1.008424702332355771e+01,4.223063426964226430e+00,5.009426253565330001e+00,5.701670083038504089e+00,5.653287060215651749e+00,7.427590570657861768e+00,-1.894374669908629905e+00,2.026070168375904146e+00,4.574432084215536598e+00,9.182551460707971458e+00
-3.317323242860230614e+00,-3.931620898784657481e+00,-9.159424310400314795e-01,5.691466610831694695e+00,1.175039631508467863e+01,-5.286770783053223788e+00,3.977040628403765155e+00,6.009380871695802817e+00,8.495181234687954941e+00,3.735193069465452709e+00,1.658586352060983926e-02,1.408306814798929718e+00,5.755782944935250445e-01,2.840608679024259953e+00,6.209240231062820747e+00,-6.438564579739447957e+00,-1.759633682651311481e+00,1.080106990675428147e+00,4.388374575378799491e+00,-2.779639559233177959e+00,-2.778146601771463775e+00,9.175969403477875375e+00,6.073443048077749928e+00,-1.118231113492172746e+00,2.368923211865894718e+00,3.036133767654018545e+00,8.917607422777319215e+00,-1.236612996510675577e+00,1.595452450671055011e+00,1.799063087068996980e+00,5.044579800378023116e+00,6.165707546793578686e+00,3.523086657474033601e+00,-1.263651075070167051e+00,-1.787080757843880763e+00,-1.954439794545189679e+00,9.352943186781471852e+00,5.219093426081360398e+00,9.225329557733018548e-01,5.581328201199091232e+00,1.132393927454779714e+01,4.057328400996629725e+00,3.682071604500189554e+00,6.855675365532833965e+00,6.658069567409426348e+00,2.469110433904504465e+00,-2.661368336311733529e+00,2.404600261833536035e+00,7.914573282072696614e+00,8.386198165084982392e+00
-7.619422575103030226e+00,8.219788578582436500e-01,-1.033852107443772539e+00,4.623973786360477511e+00,1.010163221931052036e+01,-4.071796390322005799e+00,5.461978877071261174e+00,1.212783974202045023e+01,4.739339147605690528e+00,-1.671285679698969462e+00,5.898575670560484152e-01,2.234032939592113909e+00,1.955827153815304920e+00,4.043050524882133345e+00,4.046503720737922194e+00,-6.828223633248643232e+00,1.772224896389559712e+00,2.210098047689052159e+00,4.438727248625738753e+00,-3.263890178188702862e+00,-2.518442224183612854e+00,6.796944687579254740e+00,6.885352176559963233e+00,-3.106756633500223685e+00,3.460959566251625041e+00,6.474404785020188235e+00,6.724271419560275298e+00,-2.151712853080667287e+00,3.203651644319517544e+00,4.797609244243646209e+00,6.897701387706653087e+00,5.553888023031042565e+00,-2.007974637738444423e-01,-1.177441107564336953e+00,7.762140427955402378e-02,-1.738651796477233002e+00,8.139667763003874512e+00,7.704217397709191673e+00,-1.770853872774716953e-01,6.258989451760687217e+00,1.255541402974799858e+01,1.386405448779717497e+00,3.144006005753795296e+00,8.045169658170838289e+00,4.422103671464865826e+00,-2.105542065470006996e+00,-1.572576585740714128e+00,1.505503616395392097e+00,9.584354074242833477e+00,1.644647334631929469e+00
-4.387797651018011891e+00,9.218361886962257445e-01,1.499777942008062137e+00,5.379896738542076839e+00,8.369605765170735623e+00,-2.365586984976951079e+00,4.785049629191214571e+00,1.346697862833054593e+01,-4.037109640330414528e+00,-7.417857778001440971e-01,1.090660393954905105e+00,3.366210687901606491e+00,3.753142575108164181e+00,4.479676124368004331e+00,1.092939153506901517e+00,-5.351920345976608040e+00,1.835206366825571367e+00,5.121280560545818261e+00,2.813073178830796994e+00,-4.013250217655806473e+00,-1.916628877794544383e+00,4.914272479873905475e+00,6.699958456761831549e+00,-3.345787442861883232e+00,3.614196615390878886e+00,9.546266535215833571e+00,2.123143745126940818e+00,-3.222365027009923111e+00,3.415884060185763627e+00,8.530667026339013859e+00,6.750608093659876907e+00,4.978552895991052996e-01,-1.672740613950547184e+00,5.189553982697134304e-02,1.108345886203880415e+00,-1.860158998670128072e-01,7.486140550750551625e+00,8.572988160798297841e+00,-6.820659914200374874e-02,6.515050429174640279e+00,1.240166847321587085e+01,-1.471318929449097590e+00,3.636764717956832538e+00,9.034426662251370033e+00,-1.847055946646054547e-01,-2.926886415938385611e+00,-5.714007415806417883e-02,1.547919882411093129e+00,9.395840603145506620e+00,-4.190118244730844488e+00
1.420567096358078540e+00,7.658028580433853261e-01,2.810057716471980882e+00,7.059437770353713226e+00,5.854276924622191736e+00,-2.463109297122803021e+00,3.824071590887085037e+00,1.194307604565905834e+01,-4.713385352751097379e+00,5.290344435758721708e+00,3.895709002007499144e+00,4.097385397498775284e+00,5.049916419232640230e+00,3.011835746907925326e+00,-1.529165691255440995e+00,-3.826157437140892625e+00,6.028440526208719841e-02,6.071335399480261685e+00,7.878050379656716951e-01,-4.066907197416650632e+00,-1.943892544437530567e+00,3.480401961730284821e+00,6.582358660336280920e+00,-2.620434901082880241e+00,3.108165614263415755e+00,1.037643982223723249e+01,-2.567740641080503039e+00,-1.262006433437741659e+00,1.514166355633077110e+00,1.041237128599540185e+01,3.163153362589814943e+00,-3.425236080369910230e+00,1.444385751294832987e-01,7.467108007686503734e-01,1.765225553056652741e+00,1.687263755024744905e+00,8.367317541784974111e+00,8.286122422982298730e+00,1.875710329485142380e-01,7.105193661778258729e+00,1.045420862445170940e+01,-3.046502821561639873e+00,4.803742856615647483e+00,8.997477214474084661e+00,-4.062458862547081218e+00,5.360288567546964700e-01,3.537015837220752190e-01,2.338386848141532859e+00,8.434303149843636049e+00,-5.734339110891159663e+00
4.895609058902023136e+00,4.503362062038303471e+00,4.211338118187194723e+00,7.971597405573409567e+00,1.563273897122546163e+00,-2.863024179664812152e+00,2.628076573671523253e+00,1.171290739193158714e+01,3.883938287528896360e-01,7.222579648744641645e+00,8.555270299166787495e+00,3.287478954139929410e+00,3.707413883975757773e+00,1.136800217910926891e+00,-2.064723615918882427e+00,-2.031989017400050113e+00,-1.515319925379499333e+00,6.271072798884540056e+00,5.734824889214400201e-02,-2.774748530035885175e+00,-1.459744454800647073e+00,2.280582941923278817e+00,6.825312484293968751e+00,-1.173110739654172008e+00,3.122435892602105856e+00,9.791971994800242385e+00,-3.902116779201135532e+00,2.600527913105106226e+00,3.290848333946297721e+00,1.018455448014384501e+01,-1.809705136186545937e+00,-3.084571763325695493e+00,9.428211160788797507e-01,2.168230839230390394e+00,2.980111284936053373e+00,4.288936337146977529e+00,9.636372479453417128e+00,5.516203190464231021e+00,-3.089241211833287926e-01,7.039839564392933013e+00,8.570622631524621227e+00,-3.506176044639932599e+00,5.695620198801583989e+00,8.307403606396004392e+00,-5.077409307540109218e+00,4.676789380413774566e+00,3.291561081242351694e+00,3.606363185822060391e+00,6.631009661074852346e+00,-4.011213862728066459e+00
4.848478940859065389e+00,8.877965589986294148e+00,5.786061958932739557e+00,4.330148403604438201e+00,-2.074897348878905756e+00,-1.451649346679044994e+00,6.022257823373696750e-01,1.250153387188292164e+01,7.603101434938305481e+00,6.098787814112209382e+00,7.380528862740041163e+00,7.608707970012479338e-01,3.109462345625028767e+00,1.012156865988596000e+00,-1.303217534370453956e+00,-3.695424476089929633e-01,-1.257501192588719618e+00,6.565025245249406893e+00,2.994744331014157490e-01,-1.724276023716894146e+00,-8.895822233774031140e-01,2.055728680239931716e+00,7.484678619499902652e+00,5.884686932686480354e-01,3.540413622534363203e+00,8.969146034658393773e+00,-2.095750150657101685e+00,4.561821287708718309e+00,7.866196344891764447e+00,5.463149839321194357e+00,-6.029148508415013374e+00,9.545684726233166773e-01,1.489031215807679720e+00,3.193892524681924083e+00,4.965051623637128486e+00,7.238112653536506791e+00,9.088321011672412908e+00,6.383924044093074179e-02,-1.639102060591714760e-01,7.138772444299903874e+00,6.806490341241174136e+00,-3.035274727037148068e+00,5.771698925702463789e+00,7.876760634677771655e+00,-3.836945420814070751e+00,6.164815797390918561e+00,8.565029625675515845e+00,3.960317461417631080e+00,3.545127701063342407e+00,-2.156758933443450044e+00
4.420746035717956879e+00,1.174833891134898778e+01,2.761044314556781565e+00,-7.343333567241022708e-01,-1.733013703460263732e+00,4.958297651216149460e-02,5.702591781386733283e-01,1.268881811509374913e+01,1.124259008763713652e+01,3.034870038281220483e-03,5.042210445270688624e+00,1.102419830232397757e+00,3.199621374429496345e+00,1.264954484768397114e+00,-5.208165517720624305e-01,6.333603637413347531e-01,8.996638318878638629e-02,6.871803376684234799e+00,8.962608088157434372e-01,-1.164771590530999434e+00,-1.156639963699647583e-01,2.475533307655753745e+00,8.042039172666115121e+00,2.857517586790376374e+00,4.372548888712102233e+00,7.875557616584042187e+00,-4.566122877757401999e-01,4.997433876526737428e+00,9.258416221420770142e+00,-3.573840724438019478e+00,-5.161344868223744164e+00,1.083482176713115308e+00,3.594649811457078847e+00,5.150556646946526484e+00,7.607555296679827883e+00,8.701425082139161660e+00,2.026865545723337991e+00,-3.667010096423605869e+00,2.049483367758513641e-01,7.577930189541208783e+00,4.661156798403201407e+00,-2.674874547178339945e+00,5.858137297509201424e+00,7.943100127974284774e+00,-2.545128861504220907e+00,5.530365799683391259e+00,1.199097202371154047e+01,8.297087872295785260e-01,1.469002273777046508e+00,-7.290768547755893669e-01
5.318187098404955293e+00,1.138688467653341263e+01,-2.773658845854467536e+00,4.526818698546924979e-01,-7.624955093931946593e-01,7.854488956691225710e-01,1.954221107791788592e+00,1.326620317702696639e+01,5.556728687953016887e+00,-4.973626184937701922e+00,6.864411919199016943e+00,5.813159123759210622e+00,2.092633705502619179e+00,9.994463801346369358e-01,3.524367162546524490e-01,1.645155833116415334e+00,1.620450281520087632e+00,7.196298248005446041e+00,6.760581390322562001e-01,-5.237688051042026505e-01,7.473825512875612587e-01,3.601826868249517144e+00,9.200851361959102803e+00,4.686025387200502657e+00,4.501185286861223211e+00,6.672122114556314543e+00,1.329410848285795366e+00,5.323252280056705033e+00,5.744844244923821286e+00,-7.512650444625319501e+00,6.641590156528223154e-01,-1.895142100835326415e-01,4.391005297548975506e+00,8.964373753417831381e+00,8.613534592281673952e+00,1.645562178439043066e+00,-3.426220154449356237e+00,-1.255027328687492005e+00,-1.216083572225703069e+00,7.501951771046137196e+00,4.041919285949368223e+00,-2.556342443026280442e+00,5.509505165317427178e+00,8.314350322863004905e+00,-1.620287938750795131e+00,5.224938160382310848e+00,1.211988831647919973e+01,-1.939058839570533932e+00,3.239728728301790817e+00,1.817914578026126327e+00
7.217718765029280448e+00,6.089383444602968432e+00,-4.951768040570134310e+00,4.725195280973954581e+00,1.804906271955148078e+00,1.501013281037223424e+00,3.945655762614537210e+00,1.244062783433104258e+01,-4.384455781463304724e+00,-3.828144170046175798e+00,3.220155453526805100e+00,9.427546561852002682e+00,-2.377709582334429639e-01,1.227508128179311209e+00,1.348992068868138050e+00,2.557951089508109899e+00,3.781513915096641032e+00,6.842167615502106059e+00,-3.339448739712531089e-01,5.821367278742860529e-01,1.691689275087497890e+00,5.120081467422985533e+00,1.085977757587726344e+01,4.751206431866778601e+00,3.045847571397492626e+00,5.731061561537322824e+00,3.031848553182523887e+00,5.440510447383934078e+00,1.136360636679516034e+00,-7.094070757297950891e+00,2.975826290892941817e+00,3.889826492930093416e+00,6.436843071410624617e+00,1.090232141844941616e+01,1.266016113309811342e+00,-4.797571477920213212e+00,-1.076640542658895638e+00,-7.305777639670392176e-01,-1.097182922434646768e+00,7.113579135373589324e+00,3.851871839625379934e+00,-1.912510250010004853e+00,4.884219692273058300e+00,9.066061483432587664e+00,-1.133282683962305581e-01,5.543903096994487356e+00,1.128617964111932714e+01,-1.706705679519392671e+00,5.771034759452515317e+00,6.253235344165208431e+00
