var_0,var_1,var_2,var_3,var_4,var_5,var_6,var_7,var_8,var_9,var_10,var_11,var_12,var_13,var_14,var_15,var_16,var_17,var_18,var_19,var_20,var_21,var_22,var_23,var_24,var_25,var_26,var_27,var_28,var_29,var_30,var_31,var_32,var_33,var_34,var_35,var_36,var_37,var_38,var_39,var_40,var_41,var_42,var_43,var_44,var_45,var_46,var_47,var_48,var_49
82.56939653135282,39.37954262685938,33.30951835531916,62.22838739607254,12.93391386668594,40.06398651189967,41.49871364765688,44.11878313388705,46.69666107009496,51.55797725034002,43.95265358250222,57.62965582662109,53.45674700051081,34.351369369854744,34.36840237650623,43.26878178482277,39.23589122068461,53.127787342875656,50.30867585856183,45.1535731510948,49.91306715447587,69.02387211884498,70.14323882316168,54.87454301005667,71.74609335704811,27.936914620740147,55.50405905602468,55.771156707671665,53.644230322036925,55.344620855571,63.45765844278673,66.61127205939684,47.538382150391435,42.14865628095776,42.16200135294436,43.29197524227039,64.62709814887114,25.817252027663173,47.78952495025751,46.92495981926033,38.71705847776217,66.8172005335364,47.66541436765214,50.87390815477745,74.97990202510695,67.08243523130395,54.15498502470634,43.43953246055409,46.844584066502804,34.81358907223039
38.84151457716683,30.11254106769284,53.68608652355291,60.563075148742016,33.74047651140666,49.979998055674656,61.54842790165667,74.66135711721756,64.72245100608271,42.52809929459599,51.536352280018235,62.974182829952,17.612846177276477,55.669772583486065,47.51812597902041,47.59274613931484,59.40700968039503,74.61801013057436,43.52497348566589,40.40112233921923,65.67961543476396,44.53916940984489,63.987592412381474,67.7831927307075,67.47566173093131,62.01121386951975,49.56389222924816,49.35037178778506,57.31588392215063,49.318331806271644,78.91535869613786,33.746636206024085,43.15661225926684,40.46408395490372,42.5062086316133,46.71090305817862,70.30282996865911,62.49103405878196,28.70725539404208,61.44923445461265,61.24093609234426,30.900824266133476,60.48478752835627,54.098793844298115,45.90032662155799,78.19654649641473,36.767906625904985,78.63636402587544,53.31717096751272,21.325870721138195
71.80837929517921,55.89427540039579,50.28628646104671,27.046987782543617,72.46750682081303,55.83044485691735,60.752980952868555,63.28921639605894,66.69738581598928,63.83001036099844,39.715025558560775,39.39545611372856,56.03441665054223,42.87169632388852,50.515692777075934,64.51791152430873,32.852831252483234,38.34828147774726,61.51850369005555,56.70792331623888,60.33259303792986,51.384852290499865,51.47929184969757,49.075688569206385,36.1421713810065,61.80671643680355,38.67062312342277,56.87593366871142,35.17561693046112,64.59668635679478,48.65704471587281,71.09931113675002,73.27382482843137,54.43361548995136,44.45202073498375,50.2271909377515,53.03011709400015,13.485132244719942,51.378845876190276,55.068625968155125,23.409297872109175,52.04908435011686,53.34740207463275,59.17739067868689,72.41883889586289,45.758478168165055,54.17965050505457,26.7976177703927,47.49099511218595,42.40579436493585
51.56243197119281,44.73634844959526,58.1121449109103,24.496806032373268,68.72108599364607,72.65353359434305,68.60886466008496,56.46574730268159,60.12053521372941,42.41676587480711,34.369639636582185,51.429388424445406,30.641537646657092,45.02837464746834,61.02311357864598,41.83148991369368,49.780698584902105,50.595152771749596,59.0410349790428,41.25930996213705,43.997354855097356,26.260915599096897,48.989202528816655,38.91166157877471,54.84582871127515,56.55115453785318,48.55858761617664,43.588728329130554,44.6655970163405,59.385844259076364,50.33945410844911,40.81211072655929,65.65600483868369,44.75710889678833,63.006582748666304,54.767532563375106,76.02557617180568,55.426167244499254,66.64856547306154,56.94794679587844,34.03101785449843,33.510957425939644,88.40785978844485,62.95885916884935,38.43518687094616,43.99222975992369,45.96364330891746,31.88855979654139,52.20795920320509,28.08664083357844
62.18544132636776,60.08357983103474,71.799252758036,55.77490008093247,57.47243095300634,50.08529056382706,52.863931563077315,37.846675590724026,30.156127462680583,60.416998605340744,72.27091573104894,40.93365956574189,60.743284027369825,51.77597410078738,67.96655212306446,38.1503772954823,59.93795974232308,54.36913874690773,40.10731329324795,52.34354065046574,54.176053028260654,22.365053758155938,33.54909905052985,64.70570417335679,33.276413971676114,53.77734250353611,55.5402761027138,44.4460686777197,61.33895387003717,47.615033332890015,27.995571934759266,43.11892417318262,58.40073400192314,60.71577125987615,54.41696057532441,43.83122843677818,90.02603918978949,24.123228373393612,42.84813814342524,55.03934494924583,37.386263544918755,50.56579912701545,54.76095497063755,60.57978110431958,61.634025590004526,44.308168363786926,69.17422854238389,36.13711731249588,60.248211720052694,61.50718431469423
55.04178898746304,60.414945614588646,61.819017042962095,48.838640439592446,68.1792776040341,63.86814827964214,39.34526893214382,41.028271663599405,52.114859071380984,52.94552844795678,51.116348834867594,88.19022278056332,45.45245455796446,54.48170405071307,57.85806168395253,37.641789148640186,45.10318881389196,43.86423211509948,44.950547713817826,32.812980762295155,46.735769023004735,31.260758062839606,44.65410613103236,22.836403103022707,72.31682777263013,66.7861627905875,69.64073688986844,48.464155557287995,71.06021500504086,26.229757276245454,50.3253917600253,30.452788119521326,56.027827893632896,49.27991607276959,59.04500131753713,30.487119789003195,50.977992924412604,45.51311997161352,65.3090799195274,72.3406645575827,47.87874973764193,43.822035071455964,46.51672441436481,64.75145752839353,53.47436576063465,53.25380872243237,30.653837596890853,28.530825398690236,47.65001757087387,32.66582086692152
66.12060400428685,41.33047478427616,63.27364957067696,28.595089767781193,47.933494271351414,60.55344603569141,71.90929268298488,38.77081682591161,48.558843673227166,60.44079151660601,42.383308708089885,50.78422128611741,51.78733945311114,67.36094404272532,62.94643543040479,37.43798827048112,67.83979836255526,61.51178266989071,51.21605904115146,66.07382777189284,35.8656843510265,61.90094464547333,29.955158492955647,43.6059373832788,55.97946893321753,20.935890842827607,46.174539394841155,49.59200882448238,43.575977973983434,52.22105290637079,73.26976135776162,57.21562313576786,55.74525190269307,66.37534179266848,45.688994930207826,53.571982489091006,43.14976667058802,27.718034373884947,28.669141017755916,60.16061002725199,40.007083451912266,45.25096260768287,78.63341608403674,32.609354093756046,33.858917474570646,38.73953377046196,36.61347691129804,77.4711239735936,53.232024064500195,47.56009569346501
31.594174310417813,65.56435164499233,45.72786763319225,51.45876045741193,62.546673282402814,48.97961792947777,39.793313208444204,57.62436944926149,73.23413055535731,45.11589854481916,43.01786664131928,57.638752273792434,53.248456921129865,49.60614848695414,42.39524542715725,77.8976069386184,44.328248562737045,64.8355751599175,60.14625774948365,52.05074372212364,35.24832339205089,49.02870295850804,35.55275787969333,35.84926884635142,64.76057705837422,50.10612596876871,57.75328217037883,54.85019717317385,66.27829216858477,45.56210311718809,71.7763042873426,42.4023827750744,74.14285346170425,49.90464321543925,52.10617511521517,35.95681268552217,46.14794296493608,37.61878543193332,45.484742199357555,69.48286860145669,53.0779500178154,52.22205110185222,71.78252368717355,66.88471679634517,44.55157123523262,24.38943322118432,49.79117510032628,61.099526150053684,59.15508887806269,40.20212037815014
68.1885611189751,52.62711717956695,61.72401652902729,41.87309353734976,44.79199063132985,38.28512105810747,35.99755553188087,29.701184679299004,59.633191158766515,44.619908948189625,58.61995219531517,46.13330220904506,67.20520167349015,53.42294654034021,68.9100406360972,17.52420479427957,29.322697514987343,45.63823643418799,59.0367204055647,69.56729377696166,42.74290377608846,56.0924666173035,66.27846238266488,33.33512878983535,36.81184316919494,50.89864595389417,37.493020081114935,52.50409515425445,53.112016978664954,51.184302062714195,65.26053716281649,18.020330241907715,55.01469304270562,57.72685019341164,44.586471061481646,42.07524367301263,35.57825425285587,67.15729107067835,91.00237755382561,41.86598557566719,37.69028410566885,48.63996002236322,64.5623070685981,68.5461185053337,44.294142393417516,38.491186191337896,41.94908547260415,55.82648340790374,64.71621041642801,70.92446979266866
65.7928193367125,31.693382310393506,42.552829304507064,62.55693841698901,49.50690710441108,67.7651199495803,56.01007826070535,64.25851415130992,54.88871580830081,31.971330803882996,71.0474420436569,49.66579350626382,28.995753912969363,34.34942620103614,48.06159333634552,62.333234387115645,47.00549087220955,57.83686331232529,52.596169890385575,17.54516164594655,68.95617038259674,58.94641209607932,58.2204778257048,45.66979042126685,47.15274481910423,59.91361322634744,76.80112324110387,65.14607232441665,53.18778294284933,54.60027977244489,64.2237693682593,39.04755291255024,59.11608275826451,45.14040515944788,56.829904001017866,19.98567645447899,79.64441826868331,54.05243307329735,52.99559959801399,47.8317767318576,45.67791875266274,45.898440074806494,62.32314660564886,47.23835555528471,39.780264331789134,73.02985368889098,25.02804723534649,55.18100051710727,38.09864156449187,33.2847662707269
43.1232917663235,75.63886877345685,53.22688831365596,51.844394466179395,63.888624025397746,37.76513059132439,36.941699464877495,53.49342483429462,70.1231075615379,70.70012725080622,62.90371387097638,62.23477284866463,60.93074300642514,84.76715154389802,38.63518379525624,20.326981989647706,46.695784384083915,35.50410041602795,38.11960768637402,45.41903615139674,41.12788192836204,46.04888328984695,50.05858803067733,60.401197999862084,63.90925315737995,53.84417255011271,42.00677857003336,53.53744356148875,31.132134364361473,45.936914826056814,51.440284364465924,42.81433503386506,49.52414842273776,23.871679632687883,63.37328083269496,44.39637992388028,48.06720650137859,46.69607545435694,30.155075765540005,54.17421237813054,51.53172760425747,58.576532165835616,49.395521136690604,55.15475584001874,47.74327420348796,20.97034534669354,43.6924160256101,42.7382675670582,47.84197978137372,42.81289000222438
51.52117283838747,42.64630078183081,64.91898839276732,43.90100173786388,62.07294404339317,33.32052394830358,46.963124725802295,59.3463786209387,41.70682726433671,63.34846331577627,54.9323455633173,64.78172565768548,44.01141630710384,56.95680668544998,38.60815491001958,52.50182989480441,23.439357478173502,76.34275449909266,70.4572506855038,57.8284691070306,35.82722215636339,33.325887210795685,48.80237958431319,75.5023455371463,62.844790866723855,55.54756569434685,21.267729513633007,66.95489314211399,42.993886363128354,47.93106650936451,71.51708525367118,63.141164934655286,47.47789567353849,54.70794138652111,54.28795478990166,56.853173654900765,63.49460744986666,52.97925006431115,73.84197414385311,39.698275291695474,58.94446174364635,34.52550151440234,64.70453462587625,56.14047827962753,42.679587836165766,67.41513123216147,56.27999777945523,74.51107520444084,46.46580319430152,42.33441928880758
44.45239214542419,37.158327873224216,32.82354277804792,32.10278867184182,44.71979771770243,57.05784613010166,44.03064334482762,53.071211272011055,58.45891497785243,61.18995108339505,69.56933153844052,62.758667581173725,50.45546750049432,51.174818008498995,62.58726702271606,46.19551187202941,48.99306784865733,41.371855574069045,48.740799722366084,20.767943185985594,60.35531127442658,27.335557349677536,47.72895521703005,38.22735647919621,69.3663967567082,62.24162457555615,63.282305543578225,49.8153232639309,55.34439493083473,48.83878432166565,53.69544345345339,56.987881167480765,53.40933121957583,60.8936098040875,32.384560293048295,30.712253574037224,47.35636857553519,63.63326917047426,45.203946876735685,25.79775876364029,50.363323018533194,55.11342706217409,44.546043820583996,49.09923592475029,48.614267074061026,72.20581693002534,83.41404512627275,21.43300678006476,36.41115923131341,52.52846001115673
54.59261478814663,64.89110534971059,36.74758667748706,40.356931613589275,61.573666339910396,31.326339314707706,27.614110257647273,31.639937817213376,29.980820686250585,29.308597811051705,55.00906653000563,30.613123702523005,33.23036129208671,58.211332474807584,38.472195040510535,53.78509046233414,65.13124829215093,51.53720055401091,44.12303053554131,42.61106127062812,53.41392792885217,65.12984400048035,59.76127446119321,60.1667084287752,54.926082986212975,24.96427428493671,51.543643559839126,36.07911058474749,47.36516006212493,52.89437029465852,59.645001700911266,42.68757159853114,64.26177469002857,36.9201074311765,44.90815764331477,63.12589576709944,52.17050703154941,52.12487108975838,63.52840249058295,45.68207602034832,70.98740958744317,46.83101495533499,27.210322071046754,57.136101058575925,72.44286068101664,55.78993926638365,78.48906279988203,47.482440857396774,34.85210870833389,48.00565893115998
25.52211251939666,45.62321406326993,49.533892739445776,67.59017449608703,58.67175331223686,63.777923058895695,54.95303456210086,63.14100133415603,32.829975141028555,52.817622196430456,46.841632479662216,51.93000178536889,31.1484371115867,71.4943130433836,55.536456918372586,44.11077975628386,34.463530720236335,58.58785835069886,62.58032991523667,53.580044525766596,38.72835150863023,81.7741101919703,51.43736435973332,52.728507132284776,59.08290655334959,59.06429686632972,60.44777857690467,53.99182506693647,55.81234276854586,51.291650039662,55.528061419290374,30.300954157570615,82.86060614031926,81.8643801938468,28.579529160599822,59.04371318942475,26.835902705943376,46.906039003881155,36.27709253573111,50.47810109581319,34.996383433835405,26.067421550666918,60.03806898725571,66.93039928307026,59.44854724560442,50.4499945914202,58.87853034690774,28.695729731496602,40.36480678978823,73.08322416711829
55.3216166078239,11.777280878911299,78.5108482380958,67.40695404606825,47.98978547799965,48.498720286875226,64.27533618882052,46.295043327350726,60.10025531533836,57.38136333135303,50.916339518527266,36.83666615477804,38.96140029112662,23.425825118847964,38.24298000020092,58.81108071312574,32.330197431042365,45.289087436152435,30.885151908228995,57.789673140418316,65.03104841683113,46.57902181858578,49.49255546320798,61.27697756781058,80.78800013450922,47.807306253597616,64.526195028079,50.10452548770498,71.67187049997142,66.5718230896486,48.83391364305712,55.46185545776366,37.203455018836365,63.88240354439315,23.756698840467276,34.14662493965892,49.207398411923194,65.90851352517195,63.77984391599615,43.48569541618124,33.76982086054749,46.330816325141726,50.46761072927789,65.90335649300788,32.74139187872799,36.94968035761354,41.11097103062079,65.13833663815716,40.124049908059334,76.6261344041368
58.478865692119285,45.29047426956403,59.946652800833704,28.094024634781412,44.99104929782103,49.29557520078016,49.70780588194766,13.128962182668225,77.09535623720903,27.724413048990748,68.33387468503497,56.09478305255436,43.4755349072559,29.060284662246985,56.17173565060731,67.15845582171335,45.31811703594502,30.561629750481007,62.68003717908195,59.756067415645205,57.57470732710872,35.34165924673333,63.1468028787256,35.396293190769626,33.56510901979979,60.63178170205766,61.45738261207791,34.22562605607428,53.921370340497084,28.363726714516158,69.80196090775294,52.904081076059384,59.10789214804272,60.46385342814665,39.46315057157349,42.689132282620626,42.81698353555146,60.90277310222644,72.17569620684812,68.53193469322468,58.6143861704032,65.97598404705191,40.24080780161861,44.40408298712203,43.84321512280101,59.436371325022705,51.73892526712562,34.458367165302285,69.74046267400783,45.55540580426126
60.78171082896545,55.85932737324021,55.97169530133065,67.07604337809306,59.640695156642806,36.0691290077439,45.606765060839564,32.04651831726462,70.38436492027763,58.21887384015402,37.691318310219984,46.159289568985464,56.08194470912036,58.08837010287467,57.45373816691477,47.986376288085225,23.36430240838754,58.71229722851271,42.245599461953226,30.98784464463129,56.561466856625565,45.69784605494479,47.798271208667515,51.804255686815395,59.93283832916634,49.73984429201681,53.747232227951635,49.176380320370136,41.39277629150602,50.30040035876078,60.31961342770916,26.122601425623643,94.57885422866282,61.36311737597181,45.76009541085064,26.12490056926302,43.26474180032574,56.21761313008739,49.63986207095034,49.34300127041063,44.81067051356478,46.90866567215471,44.86784847741423,52.198203531055455,50.40063755347325,59.26621508747473,47.977092702110184,38.727427725295584,34.708094913678416,36.7758605061759
41.31146709742835,31.042116177182905,74.73618604478236,55.25903811862151,34.50916362778455,48.64669996321377,57.06628040213569,49.7430424404617,54.29448434421137,63.004033029170024,33.80572849385899,37.31374080306123,53.020114766607186,66.25656555106164,73.0643556055483,33.630723600671864,59.71587714118079,66.62723550169524,45.330059271820325,70.17670662894342,43.86427330674474,46.08970001161414,45.63409661841356,58.98611560597108,74.83381635293178,75.03263849875293,51.815959411257474,28.924641983436484,65.44718552095361,44.252646549469716,59.12845869067893,64.50762968528537,54.4497221404715,55.78676382520326,49.2740514638515,35.055452085255084,76.31636798620517,73.93196515249426,60.827647909335816,44.05587922354275,49.40840306526847,73.24742594045922,39.58324923166125,41.33456319519267,29.959129868792175,82.7786888691947,57.249573705808494,59.3316976054629,59.93882460153573,44.10506850555334
69.4194334512176,38.96502503187585,100.0,62.93134122375594,62.44172651270129,33.36297425964729,41.49615350734915,43.3850146719187,69.01501309859476,57.21182248611555,34.000504035073526,42.69149549700285,48.342539924407994,62.675102355533525,70.92876529555078,51.45628634327132,54.92834135014204,55.83348253694351,38.384501144527874,51.145975410777226,72.49504668617357,60.264794855336284,48.46449884993299,38.196443369350284,48.20781505538218,67.47981129245402,55.57607090664556,54.50976756274111,43.82716846050064,25.631671472763497,73.25016190551068,55.01551862298095,33.94477497973039,54.114717747333245,46.68977524629993,41.91201575754652,50.100184945822484,55.81692065616403,37.23784534703211,34.90782854100766,25.010622067129457,59.37937553597362,56.79744812505161,38.68908589944287,68.00368388166888,42.56665783312888,39.52325129336592,34.533477415441965,45.77280902330272,27.964502955794774
61.67424349356428,45.46482662022955,34.22515747887774,67.59665574735291,82.05340321065022,55.22496924526627,58.22628179613628,25.187423467324493,48.21623753985256,45.26160316363253,22.227653542467227,29.321913581844385,68.25373780603158,54.74377359302071,69.6969899477642,49.55521853260073,77.75409732250185,58.024827831322376,65.10536200720831,47.23819194900062,43.8175039674352,40.954868225068694,67.08885690033877,72.45063240836484,38.0868069658823,51.96702431475814,52.39093114579804,16.829596461234757,60.03037379405825,41.14749624126488,57.99456105493818,58.554560055184865,35.958754504184185,57.16883414436006,34.12876576204325,33.81237109537674,40.67971990787424,33.579823935720825,52.9653059619922,30.35701646317107,38.888734688495774,79.67476101343708,24.315147147258592,60.07715349906835,58.07267273833095,54.965927108169254,47.89834031032237,56.659763856099225,36.450843854876005,31.635422072873954
55.93466299839842,54.572540639416545,47.64886186490101,48.81240604272873,57.20959820828845,44.05069673329559,53.88737222697948,41.5982446007772,43.804225844296525,58.71654471405566,70.54368989103995,54.32509858910335,38.15598539166603,19.341314528364897,29.026429333751548,60.82886018163418,64.73435017154944,54.61910338448871,49.644587052107035,51.49479323856557,53.367005076324475,62.27703274726155,63.9691514975832,37.1106403953182,50.35146589646408,43.0368449647987,53.63799929452003,60.67469420903589,63.14550771643054,51.30298848665279,61.84585974365037,52.50573557505703,65.10431826216438,54.51411282074364,43.89008941639506,47.311154836408384,44.855989840271405,42.01643006336202,52.63601252997942,84.38779426885777,54.492367820362034,33.101824763462005,45.62369215481544,66.43677058445394,38.23384907056977,34.77029212484265,55.36459992708119,39.858514500828775,58.62018456393889,20.772849877863933
53.17693471478351,41.42683017699113,82.36348602025141,39.93757010563378,54.06545813152284,68.94174644507949,48.88255064775928,32.95725255016599,45.161185485281706,41.878631901430545,66.56700691973282,60.43201154024207,53.641515456359365,53.96010582054471,48.42713171499922,62.74542191523548,77.69035800804666,18.6836292614997,57.926701330017266,58.7322548261637,50.69848667702022,62.184154536079255,52.13799658852869,48.95673057321055,61.442585994173264,72.40175253421033,44.18882971145569,67.11456976076035,35.01663033257759,59.715009599042254,74.96786243993124,44.006696560147624,28.366235985945263,26.225203579620228,54.933409732082,42.08849800309324,83.02669704762586,54.002585987247485,31.31569777828137,39.4793662212223,54.511218659595706,40.36585616994581,54.40884920439139,19.150019017106022,87.4527507415633,23.21076024500639,20.175589699095585,26.724185732918816,70.48321441719645,46.28365653154752
41.779636578008805,41.818155603012094,57.02281110972883,63.9469520253432,38.958109236688486,74.57784878075238,48.844203252424805,81.31133740422041,49.74414755004412,58.357595883615765,51.47174355627307,48.8714182918995,54.54770785792193,43.765490204163775,38.417123772031104,16.8877759919314,53.39873524834927,35.00898959062325,65.84285974988148,90.28280269279757,35.066326642226905,61.711592667023204,67.7295803038176,47.725683560815924,56.19289729914343,19.472926884310187,66.35260871541459,68.1498527609929,88.27616432551763,33.20102808768981,27.337952779025464,57.974809429914394,51.51811213627448,68.10891009824455,62.26126321872678,66.4918933061128,43.709627746058864,38.25343221062261,42.53514462533589,67.85130635951663,39.67259398302604,53.47459308858925,71.29696737394006,49.55618477273617,67.95642672363898,46.997156840649076,35.02199049100025,36.60016981733572,13.983313463069866,57.087504204443675
35.667582927457595,47.692007895249056,43.40729598263743,58.76043870679155,34.89752544192637,70.96231450895294,57.75553177926602,66.50868908976614,49.59600653072542,60.81063670862722,57.535120010799055,70.13576384724925,73.45786770095665,57.09315081978638,52.40455794721504,43.74204850316256,63.99733495120059,68.87715900884291,33.131982605345925,51.048667733720116,57.72372416016357,64.55392649355457,61.21878018297999,60.50207546734031,30.186450476862674,46.63887354027465,45.994702064955646,41.17867394401526,56.83513239572966,52.20256028305234,40.68438312040976,50.36642150573703,25.2184458895074,72.45764945295156,42.69832551896495,43.459020999836724,47.26834076727356,55.95140402505298,61.14086498592985,57.0509211639964,32.511034142361126,62.29257659115878,49.348879401264334,52.779467081106674,53.461930372085746,39.33279525770744,60.1245597711271,61.13112943058092,65.99380575844967,49.63947981978048
49.22718166117385,60.89230176483237,44.65502146897172,94.73492775246599,70.31426246556562,21.76750341076566,59.80293179201846,52.47020458283594,67.63456880377244,67.84051552653031,50.188478978697596,69.13297283809746,42.70209819191506,66.25951169761188,57.79340741721517,21.432153255033626,50.91496173880606,53.3957855097034,49.16928779031766,54.45599971259632,40.510133050820706,69.23296056249947,50.73681906180754,45.246228053580104,80.4030620514342,40.18069086695131,60.95189719308729,48.82600590234933,44.083420198232716,26.006287932439136,63.05228659741012,34.93869809682198,37.14065078458493,38.5904357465688,60.60345645863077,55.695012643294355,42.749394048307174,63.55948793946817,55.86453461482572,49.87679129742313,38.13781458881415,76.99004292798487,56.717617987256325,69.88980489781437,60.086751334015275,56.80542444928305,61.823819246647105,64.76640387134256,21.905702800351868,19.716269898816527
58.73049680375564,43.729815001075906,48.574937768343524,70.34988457796103,20.51908102298345,48.70921205108577,28.133741642710643,38.325394145404424,37.32323064385351,62.80364982022198,79.4331875220051,65.51520038755957,44.43933016641148,82.11758132611715,55.830332072460976,60.46925391284989,41.047638936187475,56.27295785135572,48.18661671718577,50.3718543221372,40.21612051809687,41.48629639837198,74.32913831034568,49.60939668051353,55.852783511111554,55.67473992091331,42.491659561426,51.522511830390314,47.927816910222944,61.324283891556,48.62072629685448,51.82540862066822,54.86020348980322,39.658454953750194,67.18633226664166,53.775232299945856,93.43540467101215,63.34733602094028,43.2081581604046,34.77420812641128,28.554970221762776,44.1274156997732,59.614140736022605,39.384605204288974,57.21374294797756,67.71858770028715,53.47499022298966,46.22369924865457,25.386998995250007,38.64535445492829
57.998099028065056,45.425454317859064,46.17086554834264,46.042266823124685,58.36345908378904,48.733976290021005,68.84442820875951,66.91710836109297,45.746788093306144,57.394410014300924,57.411589696977416,40.207406927204616,68.02761674949784,42.29275570736299,31.76986229362556,45.593224455341435,70.12400837748002,31.197170161647836,61.24863551274463,56.12620277545873,61.25321502845602,51.83462642109377,54.06674351477393,46.76472275566989,55.16969319650343,38.615202260049976,39.10848145283894,70.88090690292684,54.11855804422496,27.339305613277567,44.594737224087034,45.35986917181839,35.53971816428854,38.671615194704536,27.708768524438117,52.09443511053946,51.421721174674644,57.63785873513764,60.165249582058905,37.74365185452112,45.2437118980941,79.59829844572106,62.576117067261436,58.25189468325725,65.13157559741244,39.496118619042086,44.125503151416,55.9411092352441,57.502812581600004,69.95086216828757
30.882686516261757,59.719238866102444,45.29409565013259,58.26378749536027,62.923183381284616,48.93394182297737,53.58329019571674,64.06692824073431,51.49566449554072,41.065347493925785,34.29122378406835,49.89984858550077,33.64623901599846,65.52092775691295,42.79384617024095,71.11781721928347,53.24842846498907,62.25185521528801,41.15618302635294,53.05349881180094,50.20881781391945,50.70122671116267,53.26254830778381,30.097743734418533,50.31047785202976,38.20278227789427,39.60737609686927,55.77666616185864,54.564700154900315,65.13535536489313,52.0964343466886,62.33256012371112,48.753160447533276,44.32116241006243,51.64829214896876,53.69779766126071,89.4837490616645,33.061394456841946,44.776830828658916,60.11203839781557,49.825575904463754,37.45398034629,32.400663683034054,35.02029120184715,74.70242351413903,30.302629872808424,53.20158928534247,49.183348634835674,51.116751858792824,35.076752250284464
36.18455525062661,63.08218461640846,39.342101021410336,67.77284497860805,57.831279226049794,39.62252407136387,34.40181325300929,49.057708812578426,88.68673906874649,41.46957840925587,51.02187178510959,40.98833309856692,61.25560580944199,53.14528170396707,59.68074372973337,53.85964484410314,70.07696160380449,80.45806346507712,48.14289587022273,49.53951460844444,53.99766538385055,33.66665824977267,62.72291516767657,32.9162731500591,51.619622608813536,53.654143111173475,63.515342711433846,46.70576257972533,57.52899081852978,43.16671009512064,36.194088698058955,5.435637424547836,73.26594881588399,48.75332340994088,35.53604831461834,59.615680804465114,49.089861023719074,76.59173357461745,50.77624586538756,42.96846490144407,42.47922366711195,55.140971264535345,84.77594082906116,57.767455633980994,37.74733951412102,48.012457134529406,43.03155890484478,19.921383909982865,41.45912977770366,31.807112071800557
58.3919846788473,55.086212021726865,52.355260781003935,36.35157406711041,69.68869533373758,60.1489938557145,44.41455211046157,41.13710485212726,51.6280026934556,65.8803593443155,42.471919143553464,25.75062393720829,59.666150598163775,59.513258317882595,53.86077130624123,50.4032573175268,56.94287707767622,49.972615128573,31.46691772776069,43.31097168547639,60.817835649160514,67.57455560191477,67.19700676912991,46.183600362040536,55.27284642323872,69.94779825117978,46.66336922861542,48.54492173329726,64.49911382967156,21.428443873181404,49.04730731448606,62.80681929647044,49.32988066921146,61.7849578019345,66.0221220722708,75.36782244445439,65.16174865435462,47.66490964910111,48.926796270372606,66.3787081542233,43.314349575742305,40.85372470589637,45.54011892631315,72.48397015849487,36.740795631364456,81.18286765706324,63.10076865484063,10.833088305972803,79.7274338596676,57.51846487821132
55.762612681078146,82.04896418164516,26.469341282563917,48.44449154822091,59.71556364270939,59.21452368173084,58.777025853915326,72.04236944981916,40.880306902920395,25.845585234981197,50.29490188246471,70.00012387374902,64.89068920955933,58.585014745154844,64.64923722146949,77.11360735600655,63.394800659469155,34.65384271369972,25.740402887657464,53.54714386884099,38.73300063256328,31.382016099073606,38.96495498493446,60.641839029021455,57.3332488784223,66.05280035634412,76.20380154086348,38.932944578409874,73.23009041055676,76.56767490238458,73.59784654704633,63.10970644610017,59.80988968319281,63.92741181701945,60.14065698861428,29.298207749907274,30.002717995054507,41.425051720063145,58.28997918697644,53.99925611106234,65.4375156725425,46.93700205279804,44.43605049203823,50.1867070779033,20.710978642861754,48.35263162936279,35.92372473162648,38.67819550318091,53.34161218959005,33.81369105843446
52.25274691408922,50.477591504246746,48.692329556428774,55.83004077494608,32.67078461180617,52.11415058593498,31.98932915616995,42.46191195809398,64.46093302308843,74.36281600534036,48.653384386572704,46.62449171608556,48.48000422227922,28.225093976099352,54.55350527166319,65.35912269340176,64.18698189165275,49.99566765115944,55.11453903065498,44.23863638173554,62.08036734793618,74.55788328090418,59.926284576228454,16.324625032092513,40.63481492320319,66.42890988443806,68.7141449342136,44.20698516121302,59.05543279788101,38.69624665247374,51.891208627198004,49.669809193213084,44.089786585560695,57.79818902039312,71.95854569575296,64.05222660973074,62.537379832874514,48.71264521558235,22.82554323776803,52.55328367097885,53.5230545424362,54.43491424714644,54.591355969204635,54.589486032327244,36.82649651909195,53.92285009452692,46.9354438560142,6.183358300330502,56.437386092794085,31.721106649965847
45.86805861202081,52.641374410259296,66.84502344765278,17.97036842938596,39.23277376835041,54.54127090555152,55.25617617063775,51.53263988351581,44.707691157405726,71.62710759093888,56.8830391943697,93.75204307417292,41.90111314729011,61.497220045835725,68.05328707756757,60.70296915779604,57.029797194825406,56.13312375532759,54.42123199126701,50.57893559431416,29.894562028426797,54.495272214684796,51.92467923086189,65.58221208388512,30.825906079235263,23.903601311448085,59.14502951826156,44.37525816764744,61.49156062146411,24.956474372322962,50.51717441715237,36.15556002246009,47.043993074479936,52.791746039149274,53.71673172533879,37.80447983080154,74.40241405124448,31.99892279161783,57.03539800114724,62.171007501647026,51.727318317199206,42.95922132478961,43.38701095904172,44.91186925638676,51.43723768722093,39.69077279785468,63.951345989717254,52.303081924453785,47.87748208140169,59.25844427983265
61.93526190466399,34.608709508725205,51.522074229962115,57.148091911674115,51.682950615491066,50.523187620527864,53.20675353067713,68.0447556008674,60.657253420222624,62.71133129110432,31.903143663791795,56.95520853844955,48.697477409835805,50.920230454022324,41.091866403130226,59.093874014166296,51.13145666179724,55.78605906203673,22.86854987043562,36.77779121429911,54.2089898422878,39.90313845970593,40.547668418595165,65.46863280463641,65.439339162117,46.35305908821387,48.96303612586071,53.227516292608044,68.51813844588034,45.390085407270945,77.12540485444336,69.42662082970962,49.836937972285114,56.894490955888145,80.22009557963305,32.937786705391844,69.25001231363433,38.05595957815326,67.95348745756642,44.4414890936086,52.95999573191997,54.404018100099925,40.228263451943505,47.43571230825149,41.32796393114181,42.69716729111139,56.65825550248165,47.24543026847078,75.843133853816,61.235881053166416
47.5959711428321,48.84390785904169,37.433197332151884,51.06008023617301,49.34700603149216,22.56355270995762,67.37108581489551,40.89086828060615,57.95826046899808,72.92253179951105,80.2471970889082,68.84793273827567,46.7300582692636,54.35126653411847,47.90688587687703,68.09063852917572,49.357039716930984,46.9025797724211,24.67236146104639,16.736270546652296,65.73715292869973,64.84885472667608,56.48407718911523,31.44894735780975,44.6854294320774,83.74519165584354,31.17851545169509,49.90939948825356,48.216028325420204,53.90155391323075,47.331496552600164,67.24785922070697,54.59105996462983,54.34610901623297,64.4890622509138,48.35727688299754,68.5943629903092,68.29439906979066,47.25508773865473,44.0148137903661,54.52686769035554,54.639892072421276,51.223353039156066,67.53467437351983,66.416670553298,58.405356820393656,40.602836777681624,37.13727607555248,74.338770656252,64.30002389225912
17.41092024674518,70.5680855254063,52.34133918161383,63.36081686209697,57.82818229328196,52.41801503647034,53.297955346912794,71.78215799725257,66.94987702638569,69.55296105686163,86.05658756343585,45.957740722713645,40.72641635923606,31.903801740211247,63.218965662923466,42.9048413242951,13.996378122006705,25.389597029748906,56.00281416517842,65.28540058723708,54.94818330337647,48.564932450077166,59.404229016439324,24.036108301006816,32.562164368932756,41.04694297778916,55.968915705688694,48.333698504665286,58.44258165063113,58.04460065649784,36.036366710112304,70.24758613662972,27.114993243785015,66.7959694711385,69.6969740720536,59.46861965458053,66.4004780361365,43.61949875975663,68.51059796264055,62.6320198506273,36.30119910030418,33.49293233349379,49.60965526955085,65.94501060677342,46.350770008376095,24.428723636229844,45.145101767529084,54.678666373506005,55.627986935812366,50.843263524316214
39.39939350786218,42.69677276428218,53.5082498439618,47.08782440519308,50.98553307279165,45.74480420882339,92.28377733105042,45.01250035337032,86.4590852006612,51.92424580139775,56.176422014889255,50.1694491983836,65.81637879055462,48.681797666516765,71.04437649049487,13.568962674146835,72.16044825713236,62.0135373291779,66.5385315875619,41.356549203028116,65.26132953813021,26.995808563058443,37.50959455109834,59.769612513845516,27.53389036768126,19.91387610508767,71.54553486103397,67.11694278692202,32.87141198262283,52.82087166318926,47.96265422739206,53.770538391566134,54.80327928628095,59.71441813541728,57.12207737576445,54.88638490290176,29.08135731363009,59.094460613930174,50.244928762848275,40.4751931957584,46.602088775588236,44.76432412073172,40.676881824462946,44.42657063631582,34.13721095585742,49.73747000178497,39.6019330604322,56.187675468895186,48.85566324447873,45.57842190369946
63.693957467107296,50.771630267669586,44.50910488057508,60.11045676490388,45.63223388461745,65.488004586845,59.77341160630029,54.937833275133706,30.172863099215874,55.8987288686891,52.01684415551216,48.91560897061474,64.54510089872389,62.81911911074128,57.42895579850345,59.06910000000776,52.73393502293537,60.66336397078546,47.59683171134409,63.04250241533545,69.65040640861855,56.724719696277745,48.44255095754852,53.12813464799019,53.88461212953376,73.4869992819662,78.65379791379303,49.94574535265772,17.353115871696563,65.24797694274079,34.56377784212639,38.140016733465295,74.10950408992966,33.65996551202478,61.48288601566858,51.22089279989815,60.30267034230554,53.7899797492461,77.28377177012415,45.28900428408463,53.10615131526244,55.05843322202762,48.40642652536146,26.271598034040647,70.34451444289664,33.712438253959284,50.83081240991016,42.80020851780788,48.97629357840498,57.72490032098945
27.60683798736451,18.149455819370075,70.4494981981223,26.864209280306657,59.03487384163801,43.864515147763335,21.970359046335496,45.849903828474,59.6069813687037,30.559311935612794,48.54354310277341,67.08037425723074,55.80196658716498,76.599157042801,62.338292539322204,15.62477588877803,44.612128331264486,23.403076105348095,43.868698796802086,92.5437478217288,57.24812845362221,64.64972827522024,47.56300774046131,31.722610296589533,36.314079584199504,64.12848405241103,53.58984784852333,83.06052052606907,55.777404715667835,41.6282172213152,64.17217056210623,65.29204076362484,56.88081308757681,49.50734598503601,52.21786797578005,50.39165233941572,70.99638844071909,43.973441453094914,80.40539357797549,38.77934301242368,37.011011873775246,49.594531241503525,50.5976715263508,26.534216902042477,66.34530781309577,11.970698559531524,75.77179940719768,60.48960817377186,52.756989564746426,63.88005700172148
43.11181221811485,57.72224682922429,45.488520754230294,48.81971123500518,45.170784967588965,43.4321401090759,69.086553339517,80.65492685113661,31.29439801803825,54.05607092534194,42.6753421426914,32.052167678244146,48.433865882050775,65.24801444360652,38.498024265704096,55.813550204585326,24.213838973059904,70.92125555558287,56.46061705525321,69.3605868150463,30.491236681954156,37.9070801664871,39.672523229401776,33.36019308107353,51.41183109627386,49.34431888011079,70.28669212206765,26.135768417775004,51.07339559514583,38.86448870036642,37.1343459022458,63.75243825784926,47.10867808825649,36.19454074455987,62.337336111391245,58.45844184549109,44.47601956533509,52.856667495166505,79.21882789444545,53.31927138168232,32.416217724089535,43.50082326805617,38.13107950571095,45.34491922412563,62.48451661430678,56.49539876747479,77.5488546022054,60.27287277512826,46.15333751205331,64.29016999988326
35.46840274312526,57.91283926702262,69.42178728865777,47.609184761950935,72.40134338001583,68.97573609448129,62.24304078868069,35.33794008006046,45.62484822141493,50.53123000365171,54.220064851444796,59.36598994714208,59.91168993117487,61.34830751774569,74.85306530860888,24.578717048079515,60.83391654641017,37.45796944819469,45.07354027588525,49.65613630111538,52.87314155764542,68.25054862618846,75.18942148294806,48.29764366773489,42.731944773338014,53.556363792602596,51.3688219141064,71.13485288610376,48.77374275590633,41.23473370847316,61.809360912652444,43.52616394606024,51.37719979330835,67.08944566055668,74.2725505835273,55.33435955415107,44.30491347694743,49.26073772445618,40.01907866378934,56.68215143666158,62.71583464542567,30.71705094875756,77.90121731831803,44.05822808854278,41.511553136050786,45.26237900243313,53.964411092233576,51.053910080993816,67.31717078627582,56.04762548568341
58.03399770906463,56.08759290221373,41.91058836679535,62.985140235806135,41.60956217381731,53.41507450733068,52.06654105592681,53.85331319450847,73.59769688306268,36.76681642163929,65.70791968729557,46.77905910708118,61.35001633664625,58.25241472314168,37.51059674682489,59.18471174095149,57.40732498952474,54.849810811105336,37.7012034719326,56.50786680240982,77.02134258098444,54.14686723893797,68.51675003693296,49.55086038434106,44.90303899704706,45.555735024064596,53.096396515221166,63.08169211815587,62.578840135603166,21.923599576291146,54.23675467801456,65.69963906830034,66.17617342747282,43.36642698271953,67.7723792023624,32.50024239282846,42.78080487031348,61.656715579705725,53.15337622741609,39.47991724939851,64.76823914902492,45.391809240005735,49.850249553294404,51.07913680171929,45.30120871299572,32.01374965133303,37.78188750448645,51.139295648533846,58.99949523964329,61.57179639019343
50.410894853477245,56.66280916895501,45.07039268516845,32.73585296119242,25.57367827670952,71.66726162205593,46.86924319056079,39.79717618970272,45.48924232159258,38.593092138593526,39.230969351476496,44.34133247231337,68.54474204454412,37.071705935956764,25.516230506111814,45.12604503087904,42.24801087167194,30.94964464194002,35.7854194612159,80.69940807790236,38.16442149630885,55.23253443544992,61.38856733851761,31.555600505489295,41.840739022796754,52.82863289037598,56.70013068886976,50.97857128155825,64.77490967882841,46.28239658075629,57.292171706757486,52.61571791457847,58.320415328621316,36.51755096362818,62.58179122466596,59.587107819415365,68.59498358623014,44.68764484834402,77.58786347625914,49.987213533326106,53.62502439272859,42.57128416853191,48.042035700495525,58.935102436160136,47.52458243771336,52.52990410387843,38.34822016127624,54.698251445595794,27.83727979096061,38.102872291220535
66.68610911075123,51.92940125229564,54.62612843119369,41.99595637055874,66.4052733564933,47.17832125710973,43.11799046200673,64.43460717542607,55.49080522406216,70.03014329684363,65.606003147535,40.943479293487535,46.32301599081207,70.33505225944275,37.96774550368094,75.14058876185679,48.280967912057456,55.50351184755169,53.08959609710529,51.71024596415873,49.618292707000464,17.417048035011096,60.62567172645463,46.71940682184793,65.98418330129398,64.1562599459412,38.54815399135865,36.56599257837246,40.27284616707482,50.97747753977968,54.995026838540184,39.29880028630664,72.24524089733241,57.53209653978365,37.047556860819725,71.8780993642943,23.51655095943863,55.91907747819175,52.80870365248642,70.23197182721879,73.48495713581369,42.08404673656399,56.6548941072665,21.109844575426223,56.700556448296226,32.16207128756232,36.80834785259454,54.973437797617215,57.198903142533844,44.57177121341248
70.4098369740158,54.17548451537084,46.979478816399784,73.30582577901492,40.055192270873256,62.1757131620159,47.87913051924086,52.412295532271436,81.86048922624212,50.414181313784496,45.31835933165686,64.76334190123623,51.755166253169484,48.9746461644367,44.53236170420237,49.37188716192604,33.77199903702741,80.79610964571162,63.98812828912038,55.57238098375851,51.96515258727923,45.57718846468282,51.76349409115381,71.22246593946848,59.56682293444892,50.72370034820434,46.688306311109706,65.65651217614511,58.24067486239527,78.15815392506303,31.622323515663016,40.399853780667264,43.982186167427564,30.36387608750478,71.55542450351767,68.70620119513204,45.50200622756107,54.31390559486829,47.955551186241266,68.90064299652103,51.0321803428205,22.038742720396574,43.43828618221943,59.93048270783389,38.520391502515324,61.18675368581516,41.001436971049635,74.54071427658339,65.0623465032926,19.008714675297615
60.02814508037415,45.17547881078167,88.76679934491057,50.742222063544,65.33617723156061,77.96879934651925,55.8921075268351,35.23372143524718,56.308637525092045,51.24791482838168,58.63764394646462,75.4531820385418,52.01219614718009,48.16302011160189,29.747111130855384,54.80761067157155,45.20635890546326,46.730884118642294,36.59704102819822,38.551069358283044,41.67679284874274,48.9637954904165,49.46882798118796,44.65814001001937,26.35776204012209,73.60452824432545,52.74727620172883,57.166198343781055,52.63834321112488,23.831710722257903,70.79509924268768,47.53920963536905,60.87292144491989,61.82769361477068,59.026151719567046,33.240218950614924,71.67363608398718,51.857374459420576,67.67504181636589,45.98069233214585,47.739173003259154,35.90178581367293,43.412475382858965,79.373427862986,46.372247620208164,63.030873419038,59.65823325675137,48.49886238912719,73.4844116495983,32.80740594574527
1.0,52.32478055726986,52.328413741166656,54.45248112005551,31.162638596188323,74.25882086099287,29.541073771675997,53.001438927591344,44.139027604984506,47.407836683594645,41.340381665331236,77.50535730098872,59.650914417256374,69.25282201250721,28.38890048393003,65.8710406058081,40.15603113724306,45.9560347725058,60.351018096633055,89.55063486417755,36.964380445425604,32.88905469162047,29.72138808515976,40.72735379658822,58.87523103590348,63.89648924285906,57.36467930802976,41.723524711413276,42.839732481430204,46.62044918798902,60.20074349429792,48.769053877406904,49.80239087120234,48.90101786173934,42.91311700413277,37.436685149257194,33.6571503986157,46.03186043484435,69.31840785761301,39.3837007696865,58.020927938745444,62.41076489852885,50.779458754232344,41.412798308949256,67.03332202833762,64.3133495400143,57.204243783773535,58.19444219523893,68.70512639704226,49.430946771703304
40.81661692041446,51.10182553493159,43.980729610699775,48.85504542664714,49.65729568444461,71.09428803333489,65.87087074172862,35.65435725862574,38.0194698715712,58.757632113017394,79.4331918161359,55.15920998821172,50.18986856180166,59.81496322748207,70.34215985289676,51.02316079143396,44.01368851440896,45.09256229965571,41.12214789010956,45.37538102065144,77.1163390646275,69.60002642047633,35.309711666673,62.31099945682425,47.949183222068015,42.53511463217945,53.65499328428963,40.3400845638862,80.61605905048837,33.53697138355048,33.26588148110686,60.794679286975175,55.82871410273087,63.20883846990498,72.32067610643898,46.257082086994714,57.72937368243019,70.32661716065722,46.04854106133834,34.47284968090369,53.958829889763905,52.71630437072953,61.95103685237322,51.43761562168414,65.0575369372309,37.15856532944201,78.63237777238007,36.97832506064167,56.72208906435103,69.42331240968142
51.14581392311958,56.64144308094961,76.00743770510128,68.20946753413125,36.72104015988068,63.88415889847228,31.823671289098527,40.349134351989136,44.140677455071696,44.2426265430302,76.21541504430697,45.815712846247784,56.169370381289816,53.953809093887806,66.87600606333103,39.603488029430984,51.00423945703474,59.07226510459014,57.283993154141996,62.64428970814231,48.69409510254292,35.109474657889514,53.5832271307509,63.65280504380003,45.1150684206206,52.569283163898646,52.98437937402886,48.72108378177344,41.93651698221041,46.13402591103304,49.490775498650514,20.06195022836495,69.41381682512895,82.63759225505902,55.59006530039347,39.15997167475733,45.49577908765924,17.486024040014584,66.51277670799897,75.92170862677696,22.110850529352604,40.69079203304205,59.57075933888852,54.648847202670495,36.26158761840428,37.59260936873779,61.7582157599539,64.91347156466975,54.17020916040531,53.021532327865984
45.651903358327615,60.74300364023471,59.84978417738792,49.043824822220806,28.418031490674682,36.43857664830669,54.91021185078619,42.633729159269286,76.24847559700393,65.68350148264315,49.87783779494104,60.356143056572904,66.34723717555526,40.02194258476295,49.97137183993106,53.44338562148057,33.257486063021915,61.884499446765034,61.78045340536081,75.22406047774892,64.66146743655366,43.99044523382991,85.70356963409469,46.338720384193635,55.042168239891765,70.72366235539104,59.51720235267524,31.93486670065717,88.92474967229656,89.60020416255672,54.4911131074035,45.871275382839876,21.146023655292822,59.302122132641955,70.54519538547372,57.96899455596519,41.32372010981102,41.01986905292891,82.76860602555038,38.703236144957266,52.205004504463865,33.8195931712991,54.59768214533537,77.30891421685263,53.740823202850294,62.81289052261802,44.29299148233227,36.19813236054782,27.708426795910686,40.57936483294513
49.799849445990965,77.78383371674302,90.25737624407321,48.55743598872941,32.945945981135296,32.26946872295261,60.52935438181578,46.37754688148401,56.96190158908171,57.54775847220232,64.71037337003759,60.865361432456226,61.46437209760748,43.9413578087883,45.16687453509588,75.44313285023767,62.22850101110236,58.67036528402306,55.0142711256947,30.235970774563626,57.463556188578934,29.771331546109568,53.632697238225624,49.70145606213083,47.44938751118608,48.44435736697181,51.053812269534994,56.20197542301919,49.2527930991026,66.57713521523146,44.12889569061929,57.85980399349837,71.73587664518791,62.42072208993844,55.84336700160671,47.35193885483435,48.43367551027972,42.1427857196417,42.576677108230946,35.614867526265336,53.69864709416562,54.57481784510926,49.78842871864442,71.83010149868622,32.918089437063315,64.38396404696599,61.00880419466926,45.24902888792818,43.44527226216672,34.271614033998475
50.93615754735604,57.9324375542974,72.33930201662294,60.504774415799695,58.553472885682055,51.130820185708316,68.60412509246736,46.38470249556354,29.115309640401485,58.50136882657917,57.404684694150816,46.54943588594543,44.51015693673043,52.124954840385506,57.76561152676188,35.3809563800545,49.261538524242326,47.44829900501239,56.02572494022075,76.27925348706223,53.509641270201676,48.59225188031623,59.91575863039369,34.363462679371175,40.66035192199436,40.242029368778326,51.234967347663556,73.04521452992489,52.78810660419779,35.22618154172835,60.66360405501905,25.705606112063357,61.099614120952864,72.58142619710569,50.867625765553555,59.37721826497755,37.10166132624437,53.63439773727127,39.33687342866618,52.55801216276902,54.29110151948974,36.45094406330408,52.62607028802612,68.50524173293357,71.72484436787919,50.28821580503868,70.23722160624439,42.54138576170121,32.25870212967381,48.70377735880454
19.86014453774614,49.429225437318536,63.97872263738637,61.36062110672238,54.031779083607034,57.989350614059155,50.774105948757324,33.413289391610725,57.125499534627764,68.796850637025,39.68810526431068,47.46878941866899,52.210541357668575,46.91695071354781,31.90874166165828,34.58376088333028,56.57642494763156,31.275729866264818,47.82711084060054,30.696015895385052,53.344894593631736,52.199211251719504,66.34932898306637,42.5223226631349,50.52208603528858,71.52451047952718,53.4000473971232,69.7913680934639,63.36039469694971,56.715518026553305,58.39589548516074,46.88070870568111,66.75826401225623,46.789247355792014,53.89326536836907,29.186516395132728,62.52731881873624,62.20218750298271,77.6597709370521,31.607593882432603,67.52619865631549,59.767819348721396,47.48030244569913,65.01616837394239,39.04029753178977,45.04890987314621,38.61013112525448,73.80473912544551,46.914067072100075,40.67412074676071
57.03695093257075,56.452978139995736,59.4634759503479,68.99169442673467,70.28138776226191,36.24568328450656,74.67048269276361,54.20262548928121,83.85403071923282,56.59416437957974,65.44796523834363,51.77914072647248,44.35796063420332,50.377706226436594,61.90457067206945,53.414881733004066,69.88054258128527,27.76758303102265,67.41175450319533,63.10273366479495,62.0691071202259,63.356909275947004,59.57202990664347,23.83721782218274,40.85126563939371,66.72243675765934,73.63900621748085,52.23453708564878,60.851823923817065,40.79634003726666,55.42592824770111,69.31160179563831,71.45991461660806,55.577027745759,61.89836612793043,54.69763926815683,46.26346752266106,58.2483884172822,55.511860465586665,55.665423249898,86.58754292911453,54.58384476304167,37.16928303692745,50.767381494727914,36.74618288840185,31.32647690326546,67.78502609941138,66.49715551863079,41.37988070778476,51.172325435324865
45.55663834138065,72.77928994639146,46.93238364221351,28.55645787331098,45.423426504427944,26.355908412756396,55.02052060789923,62.18160981371342,48.110511487192134,54.47469610596662,43.7977500405952,78.42586952282528,60.9745746088307,66.74564011447751,65.85645019207499,62.568165333852406,32.11842466362788,49.979461565347044,40.458693108274105,36.215689118352124,44.576421170543775,65.07453372952128,73.16335537065544,50.79758169524423,68.65012404266115,59.78512312697179,57.472807685168725,52.988423019408806,55.801615682836825,70.10402413606177,50.273407961752824,51.56112299749906,60.11407744179063,51.88230482166047,58.7429595019106,71.2360999910227,37.778359746517836,53.21997974655126,40.75625057096706,77.82338193566194,57.398248773099944,48.15807064355528,27.020016272591008,88.78885531923058,31.74011092550291,60.1643369496372,69.63873407148891,97.20023122159706,70.45659029720473,56.54401587121073
82.37077978316557,87.23425486494416,58.431493379429014,36.638507931554734,30.868797108516176,78.88580151814172,39.90812400890531,57.19596970258413,42.304607801952216,62.956828996157356,41.759050772729196,66.30159617010294,73.69963589897331,54.982269228808626,45.78338729514441,44.4953963622108,43.06766869868527,44.04897953425948,33.409453751074665,33.520662827256736,73.84685903318359,64.05199782331329,22.47145906345237,59.7878566336306,47.33633829637574,37.14676568750825,60.9464032049905,70.94760988483847,46.55366227806685,85.48611531166831,61.06823318802583,36.898230064389395,39.715536052636736,41.58087097096066,42.014689281343465,38.82677700905209,57.81161851872757,41.94163155540011,52.81817306213878,40.92714981623438,45.73181529434377,59.84439666758801,74.02475911135724,57.244574961503844,65.63731235388583,75.02631868660366,42.465894098219074,43.921650145087014,84.39767092904914,41.70094333024817
41.451317558622954,62.410745668150135,79.5192335317547,83.14493119967574,36.108401001217345,34.02610052818729,52.28985929905261,47.95251432466064,50.74731462058518,61.61660289207691,42.33597860590468,70.64152178559678,25.03253154128179,50.97635818584912,30.23215891862887,57.89421310731313,62.594075368381155,74.64565664661035,44.20284133283029,67.37683747591096,59.11322499460642,44.84882579144318,67.21126438242689,80.67798047339402,24.116795493712246,50.56869852463135,72.26880115249978,34.916754724678064,92.12581326141802,62.5063504696448,47.11493312033681,72.97034243987343,61.63802449514199,53.27357184892641,66.83461348987731,54.31382439146424,58.445932430739376,70.76062957198484,49.19865762467094,55.17269954357917,70.71828074528916,21.45468668637754,42.90763395900663,58.86892255731033,49.90276286146691,47.58684402279186,47.072766078300674,50.11027563988099,23.4898184845479,54.15047588419497
54.79333642999531,57.25226482979749,58.32272237385713,69.31646099216083,41.32706250936296,20.16455951510731,82.61322980145452,61.12029161924992,57.78091894408341,51.82834212315515,39.04119144862521,54.42912488899098,54.984349766145314,38.21304132961191,30.595865696118835,43.144124548053234,51.51540354901986,20.46371542779271,58.8503767939909,35.874309413295855,35.71940268564639,51.85341939739597,84.55005446937037,53.608223461063524,80.41327856606333,54.455391305793036,79.39686297601243,50.221404744553745,49.809314488202126,41.79832926963135,48.63618632612991,32.83000015559985,56.89687272212142,31.56340131782385,50.107140290535696,76.70732111712705,47.835889910736974,50.45533450747376,28.637531037006873,49.07286457131808,79.35030559163596,50.50781890140263,44.941289270537375,53.356261893189355,61.335903931678274,45.320932148580354,49.22135943085927,53.94181434031747,34.788778372902094,75.61377035937161
75.02848489979789,60.92051806349804,65.9298942806074,74.26474077049117,55.63927986833245,80.60051173793578,75.96705111360123,80.68664486400966,61.299129835710986,39.098537285649044,64.33263726992051,70.81399507794697,44.5064300470699,40.47387017316777,36.745736083891906,44.06089444351353,47.349819763161356,54.1364961408024,69.15318764133305,44.859534739031275,37.55633260246567,63.05625534421711,42.007009179272345,28.247215781267617,34.80628593534745,43.52348032842638,65.99460711428365,57.913690355459025,42.24534604261617,50.290355113226276,56.31574628290479,43.36794954563294,51.443743131247345,45.4677502845989,46.888446202304166,27.12904047701952,44.15644955262666,39.38039556299061,54.11787457560666,77.00292853616617,59.91517207859909,36.47333246781139,44.92928452866775,65.6298849081123,62.6619016891708,63.675045468047514,32.12370014628824,46.5870573614441,66.30404491024923,31.947096428634328
73.83530480028547,29.921392467054073,80.8637423220046,60.54115178981994,50.80770160305451,81.54524638860272,64.60626501956628,36.699024517054866,67.99914977624957,53.59908507556935,60.80836583340926,28.6530871446281,61.182685712677596,74.91396936438757,37.470404759576404,37.06748367688943,56.78395222829527,58.1978954481801,38.68735936424322,48.93010528237867,47.44004646920886,92.60219692239163,66.14145861347019,53.29051060168525,52.80364137726684,37.26738328809101,72.16491388180923,38.27227844825228,55.41545357585974,39.31581707626524,63.4820084779802,77.96442010018902,42.193219390922366,44.96958840349372,62.76373384084047,21.745489270769824,62.69865163125098,63.89375557941202,8.510759050446499,51.18005194112727,36.665516468085464,61.69343537284475,35.90595877591736,24.88524316191094,29.392123897033393,40.39365295127581,60.56206652942483,41.29426027546954,53.115302808526884,57.233644051271845
44.20381476016037,31.385618584739742,55.85699236182007,22.303038214754768,53.5282342305371,28.954057017624162,64.58776678558291,64.3662538009479,71.35106386442857,51.23040115895997,44.22362181594012,23.97539904652084,42.02977233469967,65.40317801535652,49.280858323203844,62.22987286630602,68.13573401197564,43.86934150137847,52.79960191224375,29.61209200496294,47.1547926841681,56.450466979238996,45.50156244233954,75.43593938718024,54.61202707660776,56.13057421321963,58.48463558198156,47.621803814807365,26.8532136417566,55.699877129848204,37.54531696722983,66.09732601542312,46.117912970977336,47.286314180802336,39.10741661973751,47.12662207528635,25.457017501099553,50.9897314753603,67.41266674430202,44.98940543036727,65.48988849493863,71.04516545323662,58.00531838152151,33.566521531922994,30.61479352213476,53.41930819548633,72.06140163267743,48.14041457549605,48.05338598107273,65.722058020546
44.17635519394444,58.58551573376092,46.27366189001478,87.20066513990912,47.719509510023904,48.1324078063669,71.03713014369139,55.334083504234805,53.96115477103912,53.44701518049323,46.770580824534484,64.84199518155783,42.80088010882043,53.724804277649554,85.77769932396068,23.729390502056898,62.91813934215638,60.945487964788214,68.5650551761907,29.728890626020892,54.06823582797311,44.87087227436862,42.972280644590334,38.743266479303294,68.40152748593592,49.13736318245065,46.63293815980245,57.9541350834567,58.49011340629218,48.15630669132409,59.400641011120605,28.36410432030267,43.11001038406088,43.104801455136496,28.42804430885478,84.35241942473553,35.454312477462885,36.787897294430294,56.1673600667228,26.827926086266373,34.52889355788691,49.27211125442245,67.27134386290594,68.13328708767372,41.62551298197224,61.33845405408648,68.0826617919017,58.722157557722966,64.32786293111279,50.92509192671062
54.01891437459104,47.3025171784154,76.34805192866962,56.06641924072672,43.41553635318098,48.03720538829055,51.45534587622968,49.936463149375555,56.77375093460836,44.43674221066291,54.080043577827276,52.44288463039206,59.68910511547206,51.68846579640423,59.39212338267927,48.27275663057137,56.5958627945725,45.244405319140846,57.9448675975076,53.8664078590078,42.66448849900804,44.994993471012876,58.066303809796494,69.57794626836204,49.703856407396344,30.260255342582866,42.49907051717591,54.73338235250794,38.32566158960101,44.76439972698802,51.55670611279484,47.67810911310635,42.437861036852084,39.943086957957284,49.783662752944934,53.6628581488641,52.98555331771906,55.65190243274619,56.771854086869766,57.96844506477927,14.411036828207783,59.00915490691999,54.741957138367994,42.12421749799073,71.28853159564572,50.15856662831244,41.139545167673255,64.43567082290693,59.335510306828354,45.98892738747116
43.692294532507425,66.89984304262686,63.89784103436073,53.455582526685845,61.862088673526024,45.56346688784989,59.442076561922555,43.575921581590755,52.44869502342021,62.118014424528084,47.58754614928756,43.943409978606404,39.909243976645,44.65681730906712,52.575688710092386,50.862866647636125,53.63486494317353,66.2358436012172,67.9449392961734,49.93170785037376,38.76462743192079,18.675204263109926,60.35814405773683,53.34558628562264,61.50915783334948,49.02428081690022,58.02483440538345,58.63110736732511,61.54726162615561,66.4081508451419,53.6504160111593,57.799497333970976,49.36342544225908,50.792687115904414,65.5265174325246,64.50155689203294,26.742227689620808,36.62760247759406,41.37381942754111,56.898326220422426,69.76481023098142,43.38882512339584,56.92243238861802,69.8592799708495,79.98412673987013,38.02571469998216,63.239055858530854,86.47290993922326,37.227816751196094,71.31418791094339
59.87659316079432,58.18381211956533,52.993242569474134,18.1169890593595,44.08399399449563,63.42658110338152,41.5463727121504,47.539785846409416,54.8172367205522,68.32660271868222,37.87213127101779,40.6247682635804,71.04402684780024,34.820351288533814,32.75980347957499,84.54314950841986,34.744672542705366,45.82043215977854,42.95934087679859,74.37038105716273,61.92948363369217,50.97091973738396,58.428616885616684,47.983054043637985,12.919670590578296,34.84600441147017,78.5741053865642,46.444796813786745,78.32742837548757,63.46554641772344,47.15449523580953,66.59538822698752,66.2116541505219,46.98099949637779,38.82530929364863,34.00537816817246,81.2986087192077,38.79711654920044,81.31876653333005,26.06833620581493,53.331375826086145,55.17001145903323,44.643328369993675,63.89772259630865,32.07987043312001,35.41277014475849,43.648537744613215,43.393615453992005,56.21205141456719,49.93673807894428
38.65323600368079,85.42262146010663,7.977285651534477,62.73258455048738,22.456633663358375,90.56352833036043,70.4774487739035,60.16315030746194,47.429359748456655,38.56740163681222,31.202700724636568,64.44118777598226,56.114238194482965,43.0233027741182,36.37380406372531,61.78131683838322,33.41230742755755,38.5025694172102,55.2011196583321,62.742458025856976,57.860108366508236,44.905391883977714,42.9769387329483,63.5006824467673,42.16743612116648,33.046220993296394,49.876326772096796,24.992422572088326,60.45323759020416,64.3457188259886,50.869487245803896,59.90140060038016,36.38181874165386,61.75948712599424,45.48775920647285,49.311862395516556,53.20182516334019,60.71088925746406,59.09166077131913,37.58590170178165,48.903337180173416,68.69082930211982,66.26433697019986,29.65568621933533,66.93762942822269,50.353412626774805,31.969111858460312,68.01786163412204,52.88433245419391,58.083492388483066
78.42523270012718,71.58091944521631,83.51159176000871,55.23936178445997,60.289495846520175,62.27028020386231,49.61332409541059,78.05260185768508,42.85255675056641,60.27303216548096,68.17516462317975,39.68210685714525,42.33107445891086,52.543905465415904,55.05133845924073,50.42180983251456,64.10471622720584,40.704505160538496,58.268657382855956,25.747644898636416,61.08539643686613,43.773950245692454,74.25123811393163,41.43377327804326,28.01935996340659,42.89295238080975,56.882347679719295,52.182755131379814,44.2557217630709,48.148109771393464,53.94192358949383,77.10401886698516,17.845299401933744,46.29841591206365,9.776490881713329,66.6058408050059,49.60543922944883,14.623978570272518,70.5461844501823,93.23598041954571,58.486711560990784,44.60213333677222,39.760152438313625,51.98227413054641,37.67939691575009,44.93759394767114,65.92493994286559,33.44813898163735,35.252865689143015,66.14731489910778
84.57608835298643,46.38044536811561,41.79432131796539,45.16267006012356,77.82938609935138,26.531314943279433,54.016161700310846,54.95870025931793,80.89263857053801,56.47893996410937,50.096118752087435,42.65951166019211,56.81120834071585,57.71836608066776,26.194249419771747,52.51229942595936,66.32759779773332,41.2465342012864,69.8313764437249,47.05896646949615,51.505002014697524,71.36434794453685,64.0554993077723,72.0994616158972,53.10584717898727,52.59981818103629,36.3683932649506,42.84727821764954,29.479004346751662,51.28788601193067,57.3369970203469,56.44564730390426,72.82190270572856,44.18322056073136,37.73272335969568,57.15936779514278,45.990552108037285,61.08352714241789,49.54829533600808,41.64205487729197,49.674911140826254,77.6969897336067,43.117879705645926,47.322083204832964,62.042386410258,17.670300018505202,18.860013903508094,49.01827965983516,61.939574548303625,10.99065427207036
60.2500220317687,38.61846515756741,31.07868494134359,61.98533001835423,75.06544843728689,31.449640452228845,58.74522364808568,57.51156334522086,48.509845767681036,30.30385638533717,61.48185545694158,51.110198376839634,47.04728886231017,50.849495511345275,41.32157026162545,51.49826080731926,31.57882624017545,59.839558398150906,45.80952727880255,39.793180027578856,35.401746632353316,21.181054149772038,44.757448322961146,47.32865464046371,50.89730072293865,33.016395349431654,76.0735240148736,62.43057273154949,63.85227405534472,47.85454687893252,70.76863542043512,50.21009716981482,50.781578843554996,64.76784260517957,38.05163578101812,30.91574363863819,59.28229498416127,37.15480684391566,83.69414777121803,48.74988199497643,63.33829071868028,40.79767451747215,40.002566430344146,59.37992629990718,60.547768101848334,55.128327782348876,47.41925689071797,84.96921363653817,45.81651907207488,28.515731761153074
57.15229395576891,56.634644380108504,29.08924214343273,51.20425072735365,56.14162470448171,55.831728014886686,71.6421366677856,56.47101813064527,54.789094921990525,54.264607620088135,46.5639641929078,44.07258800525311,53.97235476485407,54.48254420724515,57.588360486963055,67.29894938388162,60.17062668747111,58.68541016875104,57.149140900751384,25.485447483966595,62.753065729035924,39.51492184939653,54.10615528316807,46.06933641356408,42.37298379118644,47.79937122295502,34.889393833700495,57.763884610165974,55.099345396147626,40.733990350958116,66.8748896209848,70.49182792291285,38.25507384183884,64.61014686229541,54.05095897379988,25.929999218733247,54.90887916669393,61.38013374460772,40.97054327100256,65.21732388052914,39.264374446143904,66.56859843104561,56.66250642540982,31.521897790151883,46.77329834252036,41.675962233876376,35.96875854681019,59.70600724589947,60.98274651789086,56.74146520339131
68.40570471458861,74.11885804863391,52.9883807233117,54.00722699670243,48.60961960492147,51.284105032189345,69.33244605635916,70.55338373129393,57.00472109922876,54.50678771082005,58.83990760175705,58.124888885374254,34.11251272865234,33.85243900733614,60.82566808859531,34.312530075252205,63.06184515966349,61.49139813513344,41.51331048560844,49.357374428007496,62.2851892003715,39.57101628262,69.52318946577589,38.83525874470697,29.78910505771387,67.00682359128879,53.587485821315816,57.21803737131582,48.064324074594765,39.794869355261625,53.60659560165788,61.65960122844938,54.48759179778574,43.02899552630265,41.370834693896036,62.52994488212351,66.04432605343955,41.169912034475374,89.70969863697695,59.32357219701552,36.95768832942954,45.1221395082547,43.517236248232045,32.54779785548787,50.67217515259443,47.39878501604813,28.154002696875583,57.51645087982816,46.45905698454977,46.14853440845128
67.50283034280302,34.16483059984323,74.11692649890398,63.38475191320345,60.48612400232459,79.70688555741137,49.43896037977905,55.91534808385771,47.42124607087759,68.59869201893898,52.72016435302794,56.64881619177285,55.8243203722144,57.49564172376225,52.26150027590793,68.52879467591194,67.8079920637554,39.50037494225307,50.754010902335274,56.37814689732373,54.03641362276583,54.74314193283821,51.74397618657539,39.125334136616175,50.5433911714856,49.94490238328033,48.16413702401986,80.7186491280087,60.533218029512526,50.08565512041448,40.39018432517748,56.58917854335348,64.22059492697737,33.69313075570057,68.51438847870301,61.30791327150798,35.364962594748434,66.76262755589387,47.65824274662589,49.11237345857218,72.63670319342364,35.6417003303522,52.640852260845065,23.945773247163196,57.23431220698437,48.31905758501169,53.347834656435545,35.29614876727532,49.32627651350223,64.00900251278948
70.23470407574484,57.686089334923935,36.710669869728235,61.47413972559287,67.1083128466599,50.58388004185702,59.09361339710855,48.543922252796776,50.675072477159134,49.4813483053858,42.083871157238534,43.51846358427623,44.87980981880525,71.4301078334516,56.92479635012193,60.65652817967079,45.779925981644425,37.6115682133063,71.25005989177004,45.70379263549786,55.83896486869191,55.27430155114931,47.868841010727884,65.4095069882388,38.8741435494117,39.5999700755355,46.331593604396694,46.80094782438102,49.31676041776099,47.60106922163263,57.642057220247736,59.58887129093787,53.51690500958468,45.909591292215666,59.44986437047563,48.2038079186539,36.93057877075612,41.90963462113605,72.83621914507351,50.125699588746066,42.86133208893812,78.6983145518322,31.43459412967857,41.94598486686666,46.50071108662874,78.47363232020194,37.3714299830372,68.48096509361356,39.975938935970355,46.163492248379605
54.837880604589856,82.31794978595579,37.476418353384894,31.305767891149333,79.49842555301717,44.98356673391881,68.34392394148516,53.05435555926486,63.70441523947082,40.606035973975736,43.403812426431465,61.70942168163743,52.67921566702883,63.06584533008197,57.6062463452251,55.231165746690486,61.7252494628663,45.4674219606181,51.28692098362202,60.540493140220484,42.6681945133905,60.15221068845193,35.92198815689908,53.72781615827363,33.16594001458004,50.33257361894912,39.67107778901051,38.17465329238442,54.6275809702985,72.36445336285011,56.646002034065475,33.014266393568896,40.681652570737725,25.578157967154088,70.14777286017524,67.4299952393376,65.04953072520843,46.2613443021388,73.27125439947105,56.00573872712231,50.55576239272559,51.29127410737179,76.31967538846554,58.04797522279883,57.18882318103791,53.390142386533036,38.76026941820532,29.53830550000758,70.64199030506165,63.373240311554234
53.21942165962366,65.5653094865872,39.26631379288204,55.768053462172084,56.91268072935052,40.01666003972884,27.08364563417462,62.72078280270007,64.14734815235356,68.19775929516962,37.715452252721306,84.04271644593084,73.97530488208884,34.56386823395057,57.508521859139606,42.026764440301925,70.0191836650499,42.04079164476499,60.906283498458706,67.3590455546583,66.08255430668821,86.26628361832715,64.04510318133273,59.5891620872083,55.66481508795713,49.564463265230934,54.879684679428564,57.78988854582182,51.40224345689634,48.77991280892191,36.89316108226046,7.282130679285726,37.21005584865044,49.73444851849273,57.397783137202445,59.06694864465961,56.91492701842738,74.71835662120019,45.787632801128225,42.83505609908495,66.49370065300522,68.97199858776554,39.23239163194127,51.858159408176135,44.944226639742205,48.11173247264142,64.90480151426068,39.90880443838881,77.25862148620648,49.18859835096617
48.04680084256515,52.063526966151635,63.531151325794774,77.61008353270168,77.80740235544135,48.68779824054939,37.599641108572676,28.546089451396153,65.3161582894033,54.980658305255844,25.62470916159294,55.34666123288027,64.89708619032567,58.02276641432676,56.30401495921888,56.375606710027505,42.88341531690411,55.16561137248568,76.85101427762744,26.9369360587937,47.87868474673372,56.471267440281714,18.63403766977125,43.62328840181402,56.93724328140786,71.0392614340717,40.860770727312804,38.524212447832056,51.32999019545247,54.8274433853549,52.93593558198107,46.75663000341164,72.3834865766646,52.94558943308706,72.44736961780663,53.472316615934936,52.35655545257644,47.863247847880906,56.14431459110981,61.61477185686702,52.6470420922186,49.095117423479536,41.38828291243054,72.27952564834872,70.35176184309707,53.089810307711595,65.34383747105939,49.56208197997368,75.37328217275825,79.92820473426202
52.232290731174864,47.14980449033235,51.89554566853326,44.59324891030069,32.8335195420007,34.28234448691744,61.43055875174837,23.942772376432696,53.449401610887634,35.96359767070175,48.27321575995093,56.92926769122004,50.1175382198777,50.89255114637538,65.24654868792106,46.931030855064705,33.98467610400296,53.852958836575425,41.27336631963387,61.82157534334654,64.03744660129739,56.30778788944268,32.546706884424395,61.59750185514971,67.75575613480186,59.419644860094614,39.966923769294354,65.83575163394966,64.2403050771484,69.70061647444606,34.272164451889545,49.17039158052186,86.53344309502182,40.3069073585015,83.44682439009198,45.38819176443791,39.36923756261666,49.5206711350231,50.128062463493016,67.47676004549356,63.83993947084539,37.248529763917176,25.50254275397175,37.067974671764084,51.168295214406896,15.723920059978779,52.19771905759219,64.36906031150039,54.35918137941887,61.79257523513021
44.93693954925897,68.36427894409175,71.84106637095545,73.3402016097982,47.31781168884913,60.80011030166502,72.28867891371168,60.458673806082835,31.25132864409418,66.28785475257104,47.04567585100371,41.26595016293279,27.07593233227001,69.4285437830459,42.045625732636985,84.257143505703,69.98134702243611,46.64821261096597,66.58398299355744,65.65402076875671,56.42176513345819,47.068960327659596,47.9966647786972,61.84253222567875,32.70933547565055,46.445652785595996,53.92685919328011,54.786777902762665,68.6956954517008,56.900538758736175,46.56731296598455,59.650768085412466,59.202306949328,53.959184360886155,55.11082043949766,54.37937464812939,64.75340076520044,38.48609589033504,33.60896684122297,45.63329781030345,63.92758353655046,74.34045171965349,57.023071225196304,39.42035941170266,52.8263061835994,61.18310658791068,34.852166314267826,32.846961444983876,47.63211306883551,58.988545874579714
59.192025097795344,50.19250776934669,59.46748641018184,32.03252607955003,53.12639680287139,25.866666909010934,38.992950010603074,74.10185066832112,44.075829355185725,70.58443253614979,54.73322735018205,56.976535302560904,54.478733360290946,56.147517080769774,33.34606801397162,64.36748663244293,43.437079749519334,52.28190038910881,29.33562430218623,70.86821510007262,49.842984768424294,56.5835917570461,27.65799726262486,50.772194244778014,34.52828750883723,32.53917119599807,54.65629498984627,21.09823902294329,37.52986736433187,63.16467092924518,51.231156126166624,49.97478585620979,42.122506079909165,46.342644612278754,48.09924324239155,36.07681960203111,43.41163658365797,51.11478622998896,64.5433677465436,39.55924981475437,70.17485145089162,58.73907369159791,20.9671530585558,17.692625738451472,37.14733368271968,45.9481818053914,47.9896760470161,41.69653851033776,50.87705910907824,46.155473574232424
42.62013780761423,56.46440037708598,38.596834411624904,87.72068753747985,53.40704451649446,97.39038487816208,66.84272962785064,72.58593352231276,54.40415674502303,44.36270275902756,31.939161389171666,66.90234901330295,70.2576214009746,39.53736627706277,35.02274738291807,47.66027668151465,51.82185346591434,54.831192938010304,29.89012114176591,51.16995448784306,43.95355118515224,65.88748100089856,52.666532524498614,43.75270255173908,41.99826435405958,25.26216511896595,59.10245553235902,60.81365844905939,58.12313050718571,36.99448137116573,38.02906484557534,63.468169990018616,69.96902202827295,46.91044584724973,57.079881898913115,38.40321152557096,35.919817827916525,58.42448318262837,30.0127489861958,57.495319106025,77.33069556703714,39.262084771627535,92.3618541919543,56.665876305298724,52.01645037230706,67.93272028079849,62.788513217355295,51.03938795292176,25.236848002041953,56.65624869160711
38.028217589050755,64.19781329539612,41.21479222004071,34.732915412472906,50.263451434170754,67.64801972922083,74.1442303667153,89.86074661804277,43.05595840358871,47.3172693904832,36.62407399036178,59.53267175588853,44.508600209944504,66.03881400781412,71.48093108219938,64.50056181112734,37.72272142381387,64.88651956188457,55.04501671126804,57.141833113840846,36.80829749278539,46.22731832932399,38.19561710312119,58.58209280398488,65.25811760993844,26.246333412902732,66.85575412427517,52.3622266159996,67.61888451018933,55.90567040005918,52.42163231432762,60.451138687314746,60.21140242985403,52.51842484936399,71.76985260449221,65.37550179095487,18.88151235394589,37.3961752106552,49.0596200532409,68.25783963717006,80.21331041112472,31.857651274421002,58.82450844859309,43.621015018031386,66.83967206956176,35.42973096141622,50.300425295570584,63.81959753190054,29.979521180948275,61.46024894596569
62.605212025468326,47.94413244549504,62.511645871944985,30.37358874081881,71.48526404455316,85.92350263270563,44.35118524790133,68.64531234042602,54.69018286271865,48.561041517538726,53.208265933392894,34.859069777119934,49.22419833673161,40.846624188490125,45.6121160464013,57.47059098866225,52.969659619218476,34.75289048267207,58.92120745041817,36.59314333043619,62.01517056340198,44.584497773112204,53.04718015401867,70.11900904243515,10.656564460590701,51.13501359052886,53.7422133306552,72.51156521835115,71.47087435244026,29.41128204510595,34.11164661078027,32.48615955229876,38.855159303570424,24.57926856319885,57.95226538002166,45.898479484259354,52.82676509706454,40.504812043795134,29.8716439871756,45.57362070613998,35.31923984921116,52.48668701924472,58.00910999986667,52.95831747074161,37.42716428934367,61.07405831735374,45.825389225623695,55.595038276712785,53.03951440765993,66.66421516464679
48.89237229352136,53.494900891545434,47.10347670424834,81.89903845683511,73.3989163995478,52.703872744961174,42.36802934601506,30.529183779660165,65.6141049489972,69.76618842606706,47.531425578692094,68.69067722263112,76.50271667201031,41.934149344098905,52.99544096262943,46.49595951096471,59.99047947998828,34.244182622314426,67.11334921850677,47.725264198822615,55.29103499537339,43.39024863982114,47.11839449551853,35.844751478254445,54.500403650920866,44.32994036437319,55.951281100623234,49.04559073514867,31.285048704073546,61.87898050834874,52.681786448001915,46.94951542888537,73.39206912236699,41.19051797854022,32.61934242951172,45.69681712242981,70.32437742852275,45.698140063978165,49.93548823716592,45.557458014524485,60.12221868231681,49.803769423520535,24.205284698567077,45.777648801042346,22.854498863737156,62.00120872129776,43.39835856379042,38.82707258204263,41.62362928318227,80.95806521593835
32.47731347517523,36.74623018432487,54.144072456199915,57.94185548466556,30.49137573125089,61.93691253666614,47.91722277789651,64.25541919306181,63.85671704125322,45.17695531550169,47.26686487559954,38.450251427689,50.49055725420428,68.62404812872283,44.40935377284673,24.767737705337556,62.27401947291654,50.832804511390336,52.648021429289116,60.46488704722531,51.117267005994975,74.79027422664076,35.14609422130942,61.078887803443735,83.70737569268863,47.350808451028364,86.18927020347644,57.22435623946903,47.00817159054108,58.8576194613369,49.83769293283737,73.5858786441182,30.06015081478485,44.18024654248872,43.052561915684805,63.94739930034187,63.8685692794261,48.42051222852252,35.44053741953234,49.06244210792071,63.45213851469312,68.3899259848648,42.75217905185736,57.02813763729952,47.32329688663914,34.36264051682939,40.357509068736796,60.60572927147746,48.82473427069379,37.68660366264471
63.82606922315573,44.871027084244545,56.51430075623705,39.871755565199855,72.71260705196696,65.68755774100674,50.28956368340944,73.9178067629112,50.742941369007646,31.61371698817925,50.59547548535042,71.64057060590667,50.11882027532521,36.736114639830674,60.38215428690578,63.406208797237234,47.38866229595224,72.91947771971716,59.02081668445621,47.047629705379286,57.03349581945328,32.08409009183344,20.44018054802151,41.24111769358867,49.68260367699233,48.85666314028475,68.96103645627431,53.009787455406126,30.97568733375014,52.16126699183857,48.264234576890196,43.46151718470838,48.622176504854814,45.932484674931004,50.73012083560289,58.17204534176675,60.018570682771006,39.51609809396603,59.15384982676015,64.39155550681153,53.18069697761899,52.47268064820742,59.4795656269851,60.37433245176836,55.169353887434674,62.720457605699416,75.58625247082954,54.56117830174889,56.36137942999847,63.11937811357473
43.01193125669595,59.34211454290943,47.517498344747466,50.92610454243951,73.49602296157256,24.828621332901406,53.41678207726999,77.86493287514817,55.03631631419914,33.64082245337104,46.862873065088735,72.7431285171287,48.13549024283161,33.817152904355375,41.54162568042065,49.05099149472159,42.283932615042204,63.58482679707687,55.00938596284602,39.24089374281069,46.8028288404374,35.36531723792159,57.13695012578455,57.2236686711161,55.39129404704042,61.79652852941574,52.71253895288593,47.994840333738956,48.84580632530306,50.958929114582546,58.62179685911155,60.82747158302121,33.94855603436962,67.27755146566594,46.791756329210784,48.44391390818628,56.20729940091006,55.34484200529366,64.61535237129223,59.85417643012861,37.55901671511967,34.56600382253622,40.307181521075464,40.21364324295942,67.59150693551656,49.129046850349255,61.4513297874391,58.98737753956257,45.403165118370524,39.711073020360445
52.43642458771519,22.00926078148807,66.43761991631112,37.66247049244883,72.8046244426984,41.14142483727115,69.88621439248956,44.24470199698204,20.23238378679592,49.94268170242546,43.13766898482526,59.44173678388173,50.681581905638375,36.95188592711552,47.19858552570987,59.18152153125923,30.507011953416463,61.95219740584147,34.27688282083489,67.23504263806437,52.75633392485945,42.01125257607296,47.87028673932983,41.346958674140915,47.98382075368452,63.96667432844343,56.31330247198516,55.80279780508031,57.50873677346539,62.32650615474346,43.14522706371672,62.14290971758685,45.989371350390506,51.022936157573874,15.798648676947883,59.95063475507065,54.864670976564504,58.97227952466841,53.987176417783864,47.803344828163354,56.363263710901656,56.550630564514506,37.899698179969285,42.043776252912664,47.44990983821284,32.099584072437665,47.552593936368645,55.54587922259008,45.48800814837759,30.010099153366504
49.35006438906662,40.089678723773744,74.3689284652497,58.34962320597319,22.289244983492868,59.42848035113087,45.47252905309362,27.531661718602905,37.311071303194566,44.55602712061732,67.36820629073408,84.33261553234861,23.52038580999808,47.769295624613804,29.73646611897289,36.97467248863719,45.44675140155833,53.86652410635555,45.92777014950702,64.27316326375188,8.842737638670098,31.363212493897905,55.548807532725434,57.16548612055715,58.703981846356065,83.76943791417972,62.31296467008727,61.46304973817287,46.38633681043073,62.007057399076515,49.979455399977134,44.84588514368142,55.29196041268289,52.26223995765914,53.94825241581058,43.30874269949928,57.929937771768,48.940207234512044,49.43201148385097,52.077752247193715,66.00915700158376,44.33773535564589,70.99886028436849,43.99483847641101,55.08439230680242,51.565521010038964,56.901402707800486,41.569633337547586,38.39610884900529,37.532335488725494
53.606359654402596,74.99811756967496,67.68497419203766,44.571923559541176,58.4107876865104,39.31478999175288,42.16662723125866,53.33870647578287,46.96276277210177,79.64925165367553,50.18686044498017,60.68071403907988,66.09721481670664,51.038200699960825,66.9177072604895,43.72062259597601,31.463089629489915,39.356939455661625,45.15873133431277,65.36350495772588,27.442067206434096,47.31097436008651,56.14521076750106,32.045734741635115,70.77846822762704,62.952943659421855,50.30318666898053,56.8032548182241,45.65290776548843,29.85614855685519,58.482312567743676,72.24626845027795,52.46786370009231,51.28541137703775,41.78684374965008,53.137622001107296,35.19007791473844,47.68977838550523,73.2330268939571,54.76398830044875,48.943965506048436,57.27099685451884,74.03449860496563,31.050109770143404,47.835728819651564,52.744987512387134,60.52160764491569,34.05608349541295,43.50020625922594,51.82752109723098
24.24210268258224,47.98211206188977,81.2150501100243,40.483876096237715,35.440161985043765,77.78163031513319,46.79002968742076,50.96733033036681,54.21432604478477,60.6087757495885,53.47891075911257,47.80924631750742,55.92783803538032,60.77905197633733,42.91319049517597,28.846301177926833,22.68419322761084,50.38773025696186,55.755774440028404,61.41849982698826,49.1042811091846,45.40425305203146,44.708937742963975,66.272821501656,39.20877327406483,50.13391235056421,46.87039071970244,30.915172711119087,74.06309852980485,40.291037989321225,13.033419104627999,32.03251395024894,55.647304967504326,31.213347936626473,59.60204555227381,51.40530116368354,40.78882637681077,59.23283705788164,60.32994088481194,60.31507393580631,76.4691384278765,57.34585638554061,50.67293397376391,33.0286851449457,56.68267318533203,42.284181469179565,35.66689481022618,53.2564824842976,53.21644312640778,63.25703263531164
44.77132054091461,36.807269943338966,36.51420569995591,80.01450928474816,73.67687886339796,57.49521910490174,40.05728415520812,56.016980496622025,68.61701606386478,64.72272950053326,42.82638201876832,54.12451088074309,64.64441268048016,57.305058693382094,50.072594106132755,51.08169559381998,43.73911301331504,71.64253903802567,59.17626254467436,32.950633794841714,39.42805213549374,56.9015657130556,62.23554397599616,40.202607324899034,50.05454312854144,49.84225289360627,45.608420784389516,18.850565955424212,32.73466523889438,52.927038465806106,66.03138940306131,36.09465604547482,32.881415436964375,73.71105816096355,33.082615566653544,37.0300949699016,65.37493158415053,48.615731487519696,53.99874909831538,50.071633188511534,37.169343663492114,55.42764525376409,57.8942631491938,70.70845784808095,52.93491308181398,46.638310297289756,55.42446026767551,41.846700516230996,60.83178769344673,57.36349630684128
47.66695834307838,49.71975693890653,30.66157927178143,35.13428151496955,38.74475937025605,56.50563533294432,54.38883981527893,43.454982795787764,52.8992324903396,79.57580489280532,40.38411164272153,52.08142495060606,43.961519102630966,60.88431232467251,28.064041844914062,26.935586819984856,52.036022248141535,33.866856752610126,69.979755022873,48.603414512879866,53.5294467776853,70.02914242831542,53.873069897131856,50.75298996345414,85.48731825249514,33.238179055535475,49.607246731175536,29.456832881452467,57.842712659773525,40.333353409057686,64.41590292157481,51.64973359502336,31.144995262819695,40.37133526319348,29.28388335491003,71.03795300351872,52.167421572365065,60.31738043052156,37.14329463980351,45.95960142229415,54.14485243368707,60.205588932371334,54.682447959339726,56.91813629050855,67.31593660457341,34.46525990404104,48.821877469564086,59.07764972020142,65.36574328588348,30.79806787055116
40.52932625000563,44.566362773533314,38.73519061566702,44.41643348863336,56.795367531689976,31.923966309317702,33.59888327781444,60.712092560896096,31.447664093527294,49.692484719809116,56.22754932070414,41.85355002351694,59.44943137246225,35.26984462543415,15.340668964259534,50.952153410398964,52.61016620094532,57.39321276677299,55.45728982040429,37.45378137251831,36.144575923961426,60.60448356298847,60.09625688867593,55.84550764993023,59.54119361761751,64.09442060175347,42.197414063290864,52.418569509065804,50.83019294282781,66.43758449650767,34.3607019631457,64.1779596695414,52.021727854438815,64.96157959447183,59.4027107168104,36.27819825911931,69.22446335536564,39.77086805080786,59.68077898002372,65.55810102592166,61.81354179127895,39.357946748105824,36.241476843659676,51.41375856679314,31.92884208679538,49.41493702526911,33.589840777587696,49.08559278393543,35.971963854234325,52.29128445399048
43.11907995475279,45.52074068084749,51.321626986740235,55.78525977849611,48.45559397853012,54.663475840078036,45.75505286437703,49.95922580012916,46.68095112226603,61.12562100699377,52.69410330161079,39.723962038221686,59.64289343116388,45.5223534859887,52.39182951527618,47.994748086900934,71.70456164085084,72.27653017429891,54.980442053189954,64.13836847063496,50.80635529559129,46.766450047858775,55.3913673507876,42.16406522581167,41.19936667908593,61.18728309499359,34.90845237245202,69.00719374002689,63.24904424183225,72.27725688783504,62.615107947384274,37.66854915650221,52.608773041659305,67.07239327736788,8.673774165574322,46.1707420525316,36.29292771718756,41.95163561369625,54.48900735260527,35.913079013579036,73.68584621314636,26.06880044615359,35.7417865671665,50.578320851769,36.0112417510976,57.35298233070787,34.65225245080992,47.89939795097672,47.634452489161866,54.87726499141901
39.784963010873035,48.362064651941864,68.89819378018139,28.448973764562414,51.55270032020548,71.04980808200894,49.55152002875677,80.36404527679896,54.01685003000208,64.67707071409245,15.936540274666607,47.638717019111574,50.27875439278499,70.56620546194699,69.05409675663672,57.777127580375854,57.810008880291555,72.98898839011477,28.15447871575939,67.28291633054228,33.74445261254771,40.86330008944118,29.592746510262636,53.6337260662591,42.12635116896663,55.959134881680654,19.296964857250646,48.6310260178168,35.584580050760074,67.28749025631934,57.740600799608714,67.73903369400016,64.11179021459103,76.65465728238878,53.218236313903866,55.47710664517337,46.565934656250505,37.031176777746396,30.622259671779673,89.73417211982756,56.17751900535765,27.521595035386838,58.015559475084295,78.95836692133477,52.35786648531039,38.60220790719435,53.06211918067471,42.27921292921229,50.95915096565782,49.90059648885167
57.58603190954078,37.91939003977606,48.270030143268336,42.45468834006626,41.5510110522993,44.96662973695937,49.692062796166724,76.74458322612576,71.4809163810327,51.933825816209236,37.4853385867683,33.2708423610631,55.598951854490885,38.97626836258947,44.14715591863371,59.72631087617267,43.380660120758016,67.09986567040141,51.586821085658784,48.15517141925047,38.85683975685319,44.75492030471553,26.432820370412877,57.0084279583722,31.98077159051209,37.48510582341637,54.85084804168598,55.277739920289484,56.29617924311774,39.20229439329555,44.17451235370148,83.54458926898982,56.514591457378486,54.192803455126736,45.81528513860925,55.523723938818264,54.03439714572921,35.035111656172674,36.53554503528273,43.5626087019476,42.659101492733434,60.22375469406447,54.82382698049264,53.941057453154095,43.180936924558516,54.20643560535178,95.55168497955843,52.47717238002999,72.09184262059044,66.85368761433935
22.016218821707476,58.56352583171184,43.08084370995682,61.622100494536184,55.07811397885515,46.12948502162291,48.65433105899124,60.99452946745632,64.75939814805,58.27294081117091,39.55647327549426,58.24527524091624,63.18660797170035,62.780124261248915,55.78060643240263,65.42093905944105,41.713551069914786,53.9474143140894,54.57234830032935,60.00506373713719,82.62379860264626,41.79714000064621,60.6332057132409,61.2139547536382,23.616631993178697,68.67297991235374,38.81203841574133,53.690122457754626,61.330544022366205,34.141950783196975,56.93845006023911,32.04697812561969,50.19210698065113,35.40078880763559,27.34298150040216,74.21105922886719,72.76785164543826,35.510238921653894,64.47329152857746,41.7339869103964,58.11301035945326,39.849037970600946,44.95415614833697,70.81307609057977,38.13547364125096,50.73219950638311,26.874757260137134,18.97842869597856,55.47263515088644,54.23611140649629
57.21790864583311,54.00885016661629,66.87009808770928,33.089032799282855,39.15019287437312,50.95282119688442,32.89117353345878,38.255910369105365,28.043473872636355,26.568355816789744,40.91577159919936,41.56302628760159,63.30687008422311,57.16863260750299,33.33693683395502,63.41522421022337,64.15832350833449,67.88219568702736,61.936166736047674,44.84946714598086,58.481728630458655,51.27902856858889,40.0040822153474,88.28330977517848,61.69786526230539,68.76375484344919,42.99369219846546,44.257270376512786,10.22064685522747,59.074466831012025,51.987296634624144,60.36792750976036,53.645196552802936,52.160252362001316,65.8249909730039,49.61778828128234,55.59423839368153,56.43080652169525,60.95564673742937,55.5630862636074,35.81123364973588,46.921072834429104,26.429420915617936,67.48887050286788,49.71630117815764,49.31782825608092,65.62682847631312,49.329061891175186,51.48950577268162,48.69406303374473
54.37800675609314,71.08768498890254,57.71643607499756,38.99781924273835,9.414287926307617,53.3913274933378,16.774717405906415,70.7427366333518,50.388119125118415,23.538072213093955,41.16817337653534,49.58286287791555,36.09652605159763,42.389483814516865,52.62912560526575,75.25221253535592,59.50353559362545,67.95758456083693,53.97205879773123,55.09508519557884,47.91742680137531,31.551011869104144,44.45004532900323,48.2571651274861,53.35256025337736,23.240687935735554,46.26703198843388,55.49873486822663,52.88747277905648,49.58742606655375,76.64387661043338,67.8800472880257,35.08183838011729,93.01365745960705,57.91782893585789,58.13724486847105,46.794922165270336,53.64884774260685,52.355092532470955,55.6461907231559,49.658854042307475,37.32605342271518,33.44168048459066,59.39162973667136,58.844778476561096,53.88292000595344,44.419370607625176,66.16422929622199,61.764578664251275,53.47494675212015
